gmu,kv_available_bytes_gb,bytes_per_full_token,full_token,swa,c4,c128,c4_state,c128_state_fixed_gb,avail_mem_gb,vram_used_gb_min,vram_used_gb_max,reached
0.80,91.24,13735.04,13735
7053056,1057792,4
1763264,128
55102,4
66112,128
1.01,67.89,221.35,221.78,yes
0.85,105.08,13735.04,13735
8135424,1220096,4
2033856,128
63558,4
76256,128
1.01,55.93,233.37,233.79,yes
0.88,113.39,13735.04,13735
8784896,1317632,4
2196224,128
68632,4
82352,128
1.01,48.82,240.51,240.93,yes
0.90,118.93,13735.04,13735
9217792,1382656,4
2304448,128
72014,4
86416,128
1.01,43.99,245.32,245.74,yes
0.92,124.47,13735.04,13735
9650944,1447424,4
2412736,128
75398,4
90464,128
1.01,39.31,250.04,250.47,yes
