timestamp,node,hca,counter,before,after,delta
2026-10-06T11:56:50.623997+00:00,crsuse2-m2m-137,ionic_3,tx_rdma_ack_timeout,52029,52030,1
2026-10-06T11:57:30.624345+00:00,crsuse2-m2m-137,ionic_3,tx_rdma_ack_timeout,52030,52032,2
2026-10-06T11:57:40.624450+00:00,crsuse2-m2m-137,ionic_3,tx_rdma_ack_timeout,52032,52034,2
2026-10-06T11:57:50.624539+00:00,crsuse2-m2m-137,ionic_2,tx_rdma_ack_timeout,38601,38603,2
2026-10-06T11:58:00.624640+00:00,crsuse2-m2m-137,ionic_3,tx_rdma_ack_timeout,52034,52042,8
2026-10-06T11:58:10.624756+00:00,crsuse2-m2m-137,ionic_3,tx_rdma_ack_timeout,52042,52044,2
2026-10-06T11:58:20.624847+00:00,crsuse2-m2m-137,ionic_3,tx_rdma_ack_timeout,52044,52050,6
2026-10-06T11:58:30.624928+00:00,crsuse2-m2m-137,ionic_3,tx_rdma_ack_timeout,52050,52056,6
2026-10-06T11:58:40.625010+00:00,crsuse2-m2m-137,ionic_3,tx_rdma_ack_timeout,52056,52059,3
2026-10-06T11:58:50.625115+00:00,crsuse2-m2m-137,ionic_3,tx_rdma_ack_timeout,52059,52063,4
2026-10-06T11:59:00.625190+00:00,crsuse2-m2m-137,ionic_3,tx_rdma_ack_timeout,52063,52066,3
2026-10-06T11:59:40.625672+00:00,crsuse2-m2m-137,ionic_2,tx_rdma_ack_timeout,38603,38604,1
2026-10-06T12:00:00.625834+00:00,crsuse2-m2m-137,ionic_5,tx_rdma_ack_timeout,23215,23219,4
2026-10-06T12:01:20.626527+00:00,crsuse2-m2m-137,ionic_2,tx_rdma_ack_timeout,38604,38605,1
2026-10-06T12:03:40.627786+00:00,crsuse2-m2m-137,ionic_0,tx_rdma_ack_timeout,23316,23317,1
2026-10-06T12:03:50.627859+00:00,crsuse2-m2m-137,ionic_0,tx_rdma_ack_timeout,23317,23363,46
2026-10-06T12:03:50.627859+00:00,crsuse2-m2m-137,ionic_1,tx_rdma_ack_timeout,31292,31319,27
2026-10-06T12:03:50.627859+00:00,crsuse2-m2m-137,ionic_2,tx_rdma_ack_timeout,38605,38608,3
2026-10-06T12:03:50.627859+00:00,crsuse2-m2m-137,ionic_3,tx_rdma_ack_timeout,52066,52074,8
2026-10-06T12:03:50.627859+00:00,crsuse2-m2m-137,ionic_4,tx_rdma_ack_timeout,43087,43099,12
2026-10-06T12:03:50.627859+00:00,crsuse2-m2m-137,ionic_5,tx_rdma_ack_timeout,23219,23220,1
2026-10-06T12:03:50.627859+00:00,crsuse2-m2m-137,ionic_6,tx_rdma_ack_timeout,40284,40313,29
2026-10-06T12:03:50.627859+00:00,crsuse2-m2m-137,ionic_7,tx_rdma_ack_timeout,44293,44317,24
2026-10-06T12:04:30.628219+00:00,crsuse2-m2m-137,ionic_7,tx_rdma_ack_timeout,44317,44318,1
2026-10-06T12:06:30.629237+00:00,crsuse2-m2m-137,ionic_1,tx_rdma_ack_timeout,31319,31321,2
2026-10-06T12:06:50.629404+00:00,crsuse2-m2m-137,ionic_0,tx_rdma_ack_timeout,23363,23365,2
2026-10-06T12:07:00.629481+00:00,crsuse2-m2m-137,ionic_0,tx_rdma_ack_timeout,23365,23366,1
2026-10-06T12:07:00.629481+00:00,crsuse2-m2m-137,ionic_1,tx_rdma_ack_timeout,31321,31323,2
2026-10-06T12:07:40.629851+00:00,crsuse2-m2m-137,ionic_1,tx_rdma_ack_timeout,31323,31325,2
2026-10-06T12:07:50.629948+00:00,crsuse2-m2m-137,ionic_2,tx_rdma_ack_timeout,38608,38610,2
2026-10-06T12:08:00.630027+00:00,crsuse2-m2m-137,ionic_4,tx_rdma_ack_timeout,43099,43101,2
2026-10-06T12:08:00.630027+00:00,crsuse2-m2m-137,ionic_6,tx_rdma_ack_timeout,40313,40315,2
2026-10-06T12:08:20.630208+00:00,crsuse2-m2m-137,ionic_1,tx_rdma_ack_timeout,31325,31327,2
2026-10-06T12:08:40.630392+00:00,crsuse2-m2m-137,ionic_1,tx_rdma_ack_timeout,31327,31328,1
2026-10-06T12:09:10.630635+00:00,crsuse2-m2m-137,ionic_0,tx_rdma_ack_timeout,23366,23368,2
2026-10-06T12:09:10.630635+00:00,crsuse2-m2m-137,ionic_1,tx_rdma_ack_timeout,31328,31333,5
2026-10-06T12:09:20.630725+00:00,crsuse2-m2m-137,ionic_1,tx_rdma_ack_timeout,31333,31357,24
2026-10-06T12:11:10.631707+00:00,crsuse2-m2m-137,ionic_4,tx_rdma_ack_timeout,43101,43108,7
2026-10-06T12:11:10.631707+00:00,crsuse2-m2m-137,ionic_5,tx_rdma_ack_timeout,23220,23226,6
2026-10-06T12:11:10.631707+00:00,crsuse2-m2m-137,ionic_7,tx_rdma_ack_timeout,44318,44326,8
2026-10-06T12:11:20.631826+00:00,crsuse2-m2m-137,ionic_4,tx_rdma_ack_timeout,43108,43110,2
2026-10-06T12:11:40.631976+00:00,crsuse2-m2m-137,ionic_6,tx_rdma_ack_timeout,40315,40317,2
2026-10-06T12:12:00.632145+00:00,crsuse2-m2m-137,ionic_4,tx_rdma_ack_timeout,43110,43118,8
2026-10-06T12:12:00.632145+00:00,crsuse2-m2m-137,ionic_5,tx_rdma_ack_timeout,23226,23232,6
2026-10-06T12:12:30.632407+00:00,crsuse2-m2m-137,ionic_6,tx_rdma_ack_timeout,40317,40318,1
2026-10-06T12:12:30.632407+00:00,crsuse2-m2m-137,ionic_7,tx_rdma_ack_timeout,44326,44328,2
2026-10-06T12:12:40.632512+00:00,crsuse2-m2m-137,ionic_7,tx_rdma_ack_timeout,44328,44330,2
2026-10-06T12:12:50.632601+00:00,crsuse2-m2m-137,ionic_6,tx_rdma_ack_timeout,40318,40328,10
2026-10-06T12:13:00.632684+00:00,crsuse2-m2m-137,ionic_2,tx_rdma_ack_timeout,38610,38611,1
2026-10-06T12:13:10.632787+00:00,crsuse2-m2m-137,ionic_0,tx_rdma_ack_timeout,23368,23375,7
2026-10-06T12:13:10.632787+00:00,crsuse2-m2m-137,ionic_1,tx_rdma_ack_timeout,31357,31360,3
2026-10-06T12:13:10.632787+00:00,crsuse2-m2m-137,ionic_5,tx_rdma_ack_timeout,23232,23234,2
2026-10-06T12:13:10.632787+00:00,crsuse2-m2m-137,ionic_6,tx_rdma_ack_timeout,40328,40337,9
2026-10-06T12:13:20.632886+00:00,crsuse2-m2m-137,ionic_6,tx_rdma_ack_timeout,40337,40364,27
2026-10-06T12:13:20.632886+00:00,crsuse2-m2m-137,ionic_7,tx_rdma_ack_timeout,44330,44341,11
2026-10-06T12:13:40.633055+00:00,crsuse2-m2m-137,ionic_0,tx_rdma_ack_timeout,23375,23379,4
2026-10-06T12:13:40.633055+00:00,crsuse2-m2m-137,ionic_1,tx_rdma_ack_timeout,31360,31362,2
2026-10-06T12:13:40.633055+00:00,crsuse2-m2m-137,ionic_4,tx_rdma_ack_timeout,43118,43122,4
2026-10-06T12:13:50.633153+00:00,crsuse2-m2m-137,ionic_0,tx_rdma_ack_timeout,23379,23437,58
2026-10-06T12:13:50.633153+00:00,crsuse2-m2m-137,ionic_7,tx_rdma_ack_timeout,44341,44358,17
2026-10-06T12:14:00.633237+00:00,crsuse2-m2m-137,ionic_0,tx_rdma_ack_timeout,23437,23438,1
2026-10-06T12:14:30.633509+00:00,crsuse2-m2m-137,ionic_0,tx_rdma_ack_timeout,23438,23451,13
2026-10-06T12:14:30.633509+00:00,crsuse2-m2m-137,ionic_1,tx_rdma_ack_timeout,31362,31378,16
2026-10-06T12:14:30.633509+00:00,crsuse2-m2m-137,ionic_4,tx_rdma_ack_timeout,43122,43124,2
2026-10-06T12:14:40.633598+00:00,crsuse2-m2m-137,ionic_6,tx_rdma_ack_timeout,40364,40366,2
2026-10-06T12:15:10.633879+00:00,crsuse2-m2m-137,ionic_1,tx_rdma_ack_timeout,31378,31380,2
2026-10-06T12:15:10.633879+00:00,crsuse2-m2m-137,ionic_3,tx_rdma_ack_timeout,52074,52081,7
2026-10-06T12:15:10.633879+00:00,crsuse2-m2m-137,ionic_4,tx_rdma_ack_timeout,43124,43126,2
2026-10-06T12:15:30.634077+00:00,crsuse2-m2m-137,ionic_0,tx_rdma_ack_timeout,23451,23453,2
2026-10-06T12:15:30.634077+00:00,crsuse2-m2m-137,ionic_6,tx_rdma_ack_timeout,40366,40374,8
2026-10-06T12:15:40.634163+00:00,crsuse2-m2m-137,ionic_1,tx_rdma_ack_timeout,31380,31384,4
2026-10-06T12:15:50.634244+00:00,crsuse2-m2m-137,ionic_7,tx_rdma_ack_timeout,44358,44363,5
2026-10-06T12:16:00.634330+00:00,crsuse2-m2m-137,ionic_1,tx_rdma_ack_timeout,31384,31386,2
2026-10-06T12:16:00.634330+00:00,crsuse2-m2m-137,ionic_4,tx_rdma_ack_timeout,43126,43132,6
2026-10-06T12:16:00.634330+00:00,crsuse2-m2m-137,ionic_5,tx_rdma_ack_timeout,23234,23235,1
2026-10-06T12:16:10.634431+00:00,crsuse2-m2m-137,ionic_6,tx_rdma_ack_timeout,40374,40377,3
2026-10-06T12:16:20.634517+00:00,crsuse2-m2m-137,ionic_3,tx_rdma_ack_timeout,52081,52083,2
2026-10-06T12:16:20.634517+00:00,crsuse2-m2m-137,ionic_4,tx_rdma_ack_timeout,43132,43134,2
2026-10-06T12:16:20.634517+00:00,crsuse2-m2m-137,ionic_6,tx_rdma_ack_timeout,40377,40386,9
2026-10-06T12:16:30.634587+00:00,crsuse2-m2m-137,ionic_0,tx_rdma_ack_timeout,23453,23469,16
2026-10-06T12:16:30.634587+00:00,crsuse2-m2m-137,ionic_4,tx_rdma_ack_timeout,43134,43144,10
2026-10-06T12:16:50.634755+00:00,crsuse2-m2m-137,ionic_2,tx_rdma_ack_timeout,38611,38612,1
2026-10-06T12:16:50.634755+00:00,crsuse2-m2m-137,ionic_3,tx_rdma_ack_timeout,52083,52085,2
2026-10-06T12:16:50.634755+00:00,crsuse2-m2m-137,ionic_4,tx_rdma_ack_timeout,43144,43150,6
2026-10-06T12:16:50.634755+00:00,crsuse2-m2m-137,ionic_6,tx_rdma_ack_timeout,40386,40389,3
2026-10-06T12:17:00.634846+00:00,crsuse2-m2m-137,ionic_4,tx_rdma_ack_timeout,43150,43151,1
2026-10-06T12:17:00.634846+00:00,crsuse2-m2m-137,ionic_6,tx_rdma_ack_timeout,40389,40409,20
2026-10-06T12:17:10.634950+00:00,crsuse2-m2m-137,ionic_3,tx_rdma_ack_timeout,52085,52087,2
2026-10-06T12:17:10.634950+00:00,crsuse2-m2m-137,ionic_4,tx_rdma_ack_timeout,43151,43155,4
2026-10-06T12:17:10.634950+00:00,crsuse2-m2m-137,ionic_5,tx_rdma_ack_timeout,23235,23236,1
2026-10-06T12:17:20.635046+00:00,crsuse2-m2m-137,ionic_4,tx_rdma_ack_timeout,43155,43157,2
2026-10-06T12:17:40.635208+00:00,crsuse2-m2m-137,ionic_0,tx_rdma_ack_timeout,23469,23486,17
2026-10-06T12:17:40.635208+00:00,crsuse2-m2m-137,ionic_1,tx_rdma_ack_timeout,31386,31387,1
2026-10-06T12:17:40.635208+00:00,crsuse2-m2m-137,ionic_5,tx_rdma_ack_timeout,23236,23241,5
2026-10-06T12:17:50.635314+00:00,crsuse2-m2m-137,ionic_3,tx_rdma_ack_timeout,52087,52113,26
2026-10-06T12:17:50.635314+00:00,crsuse2-m2m-137,ionic_4,tx_rdma_ack_timeout,43157,43178,21
2026-10-06T12:17:50.635314+00:00,crsuse2-m2m-137,ionic_5,tx_rdma_ack_timeout,23241,23258,17
2026-10-06T12:18:00.635397+00:00,crsuse2-m2m-137,ionic_0,tx_rdma_ack_timeout,23486,23488,2
2026-10-06T12:18:00.635397+00:00,crsuse2-m2m-137,ionic_4,tx_rdma_ack_timeout,43178,43180,2
2026-10-06T12:18:00.635397+00:00,crsuse2-m2m-137,ionic_5,tx_rdma_ack_timeout,23258,23259,1
2026-10-06T12:18:00.635397+00:00,crsuse2-m2m-137,ionic_7,tx_rdma_ack_timeout,44363,44370,7
2026-10-06T12:18:10.635478+00:00,crsuse2-m2m-137,ionic_2,tx_rdma_ack_timeout,38612,38616,4
2026-10-06T12:18:20.635557+00:00,crsuse2-m2m-137,ionic_0,tx_rdma_ack_timeout,23488,23496,8
2026-10-06T12:18:20.635557+00:00,crsuse2-m2m-137,ionic_1,tx_rdma_ack_timeout,31387,31397,10
2026-10-06T12:18:20.635557+00:00,crsuse2-m2m-137,ionic_2,tx_rdma_ack_timeout,38616,38618,2
2026-10-06T12:18:20.635557+00:00,crsuse2-m2m-137,ionic_3,tx_rdma_ack_timeout,52113,52115,2
2026-10-06T12:18:20.635557+00:00,crsuse2-m2m-137,ionic_4,tx_rdma_ack_timeout,43180,43181,1
2026-10-06T12:18:20.635557+00:00,crsuse2-m2m-137,ionic_5,tx_rdma_ack_timeout,23259,23261,2
2026-10-06T12:18:20.635557+00:00,crsuse2-m2m-137,ionic_7,tx_rdma_ack_timeout,44370,44372,2
2026-10-06T12:18:30.635639+00:00,crsuse2-m2m-137,ionic_5,tx_rdma_ack_timeout,23261,23262,1
2026-10-06T12:18:30.635639+00:00,crsuse2-m2m-137,ionic_6,tx_rdma_ack_timeout,40409,40411,2
2026-10-06T12:18:30.635639+00:00,crsuse2-m2m-137,ionic_7,tx_rdma_ack_timeout,44372,44373,1
2026-10-06T12:19:00.635867+00:00,crsuse2-m2m-137,ionic_0,tx_rdma_ack_timeout,23496,23541,45
2026-10-06T12:19:00.635867+00:00,crsuse2-m2m-137,ionic_1,tx_rdma_ack_timeout,31397,31403,6
2026-10-06T12:19:00.635867+00:00,crsuse2-m2m-137,ionic_5,tx_rdma_ack_timeout,23262,23264,2
2026-10-06T12:19:00.635867+00:00,crsuse2-m2m-137,ionic_6,tx_rdma_ack_timeout,40411,40416,5
2026-10-06T12:19:10.635968+00:00,crsuse2-m2m-137,ionic_0,tx_rdma_ack_timeout,23541,23544,3
2026-10-06T12:19:10.635968+00:00,crsuse2-m2m-137,ionic_1,tx_rdma_ack_timeout,31403,31411,8
2026-10-06T12:19:10.635968+00:00,crsuse2-m2m-137,ionic_4,tx_rdma_ack_timeout,43181,43183,2
2026-10-06T12:19:10.635968+00:00,crsuse2-m2m-137,ionic_5,tx_rdma_ack_timeout,23264,23267,3
2026-10-06T12:19:10.635968+00:00,crsuse2-m2m-137,ionic_7,tx_rdma_ack_timeout,44373,44375,2
2026-10-06T12:19:20.636080+00:00,crsuse2-m2m-137,ionic_0,tx_rdma_ack_timeout,23544,23545,1
2026-10-06T12:19:20.636080+00:00,crsuse2-m2m-137,ionic_1,tx_rdma_ack_timeout,31411,31420,9
2026-10-06T12:19:20.636080+00:00,crsuse2-m2m-137,ionic_6,tx_rdma_ack_timeout,40416,40418,2
2026-10-06T12:19:20.636080+00:00,crsuse2-m2m-137,ionic_7,tx_rdma_ack_timeout,44375,44400,25
2026-10-06T12:19:40.636275+00:00,crsuse2-m2m-137,ionic_0,tx_rdma_ack_timeout,23545,23563,18
2026-10-06T12:19:40.636275+00:00,crsuse2-m2m-137,ionic_1,tx_rdma_ack_timeout,31420,31428,8
2026-10-06T12:19:40.636275+00:00,crsuse2-m2m-137,ionic_4,tx_rdma_ack_timeout,43183,43187,4
2026-10-06T12:19:50.636362+00:00,crsuse2-m2m-137,ionic_5,tx_rdma_ack_timeout,23267,23269,2
2026-10-06T12:20:00.636450+00:00,crsuse2-m2m-137,ionic_3,tx_rdma_ack_timeout,52115,52117,2
2026-10-06T12:20:00.636450+00:00,crsuse2-m2m-137,ionic_4,tx_rdma_ack_timeout,43187,43191,4
2026-10-06T12:20:30.636709+00:00,crsuse2-m2m-137,ionic_0,tx_rdma_ack_timeout,23563,23564,1
2026-10-06T12:20:40.636804+00:00,crsuse2-m2m-137,ionic_5,tx_rdma_ack_timeout,23269,23270,1
2026-10-06T12:20:50.636880+00:00,crsuse2-m2m-137,ionic_1,tx_rdma_ack_timeout,31428,31430,2
2026-10-06T12:21:00.636965+00:00,crsuse2-m2m-137,ionic_7,tx_rdma_ack_timeout,44400,44414,14
2026-10-06T12:21:10.637059+00:00,crsuse2-m2m-137,ionic_0,tx_rdma_ack_timeout,23564,23566,2
2026-10-06T12:21:20.637144+00:00,crsuse2-m2m-137,ionic_2,tx_rdma_ack_timeout,38618,38627,9
2026-10-06T12:21:20.637144+00:00,crsuse2-m2m-137,ionic_3,tx_rdma_ack_timeout,52117,52156,39
2026-10-06T12:21:20.637144+00:00,crsuse2-m2m-137,ionic_7,tx_rdma_ack_timeout,44414,44428,14
2026-10-06T12:21:30.637239+00:00,crsuse2-m2m-137,ionic_4,tx_rdma_ack_timeout,43191,43192,1
2026-10-06T12:21:40.637320+00:00,crsuse2-m2m-137,ionic_2,tx_rdma_ack_timeout,38627,38629,2
2026-10-06T12:21:40.637320+00:00,crsuse2-m2m-137,ionic_3,tx_rdma_ack_timeout,52156,52160,4
2026-10-06T12:21:40.637320+00:00,crsuse2-m2m-137,ionic_7,tx_rdma_ack_timeout,44428,44432,4
2026-10-06T12:21:50.637416+00:00,crsuse2-m2m-137,ionic_3,tx_rdma_ack_timeout,52160,52174,14
2026-10-06T12:21:50.637416+00:00,crsuse2-m2m-137,ionic_5,tx_rdma_ack_timeout,23270,23271,1
2026-10-06T12:21:50.637416+00:00,crsuse2-m2m-137,ionic_6,tx_rdma_ack_timeout,40418,40421,3
2026-10-06T12:21:50.637416+00:00,crsuse2-m2m-137,ionic_7,tx_rdma_ack_timeout,44432,44435,3
2026-10-06T12:22:00.637513+00:00,crsuse2-m2m-137,ionic_5,tx_rdma_ack_timeout,23271,23275,4
2026-10-06T12:22:10.637580+00:00,crsuse2-m2m-137,ionic_4,tx_rdma_ack_timeout,43192,43195,3
2026-10-06T12:22:20.637670+00:00,crsuse2-m2m-137,ionic_0,tx_rdma_ack_timeout,23566,23570,4
2026-10-06T12:22:20.637670+00:00,crsuse2-m2m-137,ionic_6,tx_rdma_ack_timeout,40421,40423,2
2026-10-06T12:22:30.637749+00:00,crsuse2-m2m-137,ionic_3,tx_rdma_ack_timeout,52174,52178,4
2026-10-06T12:22:40.637856+00:00,crsuse2-m2m-137,ionic_6,tx_rdma_ack_timeout,40423,40443,20
2026-10-06T12:22:40.637856+00:00,crsuse2-m2m-137,ionic_7,tx_rdma_ack_timeout,44435,44439,4
2026-10-06T12:22:50.637939+00:00,crsuse2-m2m-137,ionic_1,tx_rdma_ack_timeout,31430,31431,1
2026-10-06T12:22:50.637939+00:00,crsuse2-m2m-137,ionic_3,tx_rdma_ack_timeout,52178,52185,7
2026-10-06T12:22:50.637939+00:00,crsuse2-m2m-137,ionic_5,tx_rdma_ack_timeout,23275,23277,2
2026-10-06T12:22:50.637939+00:00,crsuse2-m2m-137,ionic_6,tx_rdma_ack_timeout,40443,40451,8
2026-10-06T12:22:50.637939+00:00,crsuse2-m2m-137,ionic_7,tx_rdma_ack_timeout,44439,44455,16
2026-10-06T12:23:10.638110+00:00,crsuse2-m2m-137,ionic_0,tx_rdma_ack_timeout,23570,23571,1
2026-10-06T12:23:10.638110+00:00,crsuse2-m2m-137,ionic_1,tx_rdma_ack_timeout,31431,31433,2
2026-10-06T12:23:30.638292+00:00,crsuse2-m2m-137,ionic_3,tx_rdma_ack_timeout,52185,52189,4
2026-10-06T12:23:40.638380+00:00,crsuse2-m2m-137,ionic_4,tx_rdma_ack_timeout,43195,43198,3
2026-10-06T12:23:40.638380+00:00,crsuse2-m2m-137,ionic_6,tx_rdma_ack_timeout,40451,40455,4
2026-10-06T12:23:40.638380+00:00,crsuse2-m2m-137,ionic_7,tx_rdma_ack_timeout,44455,44524,69
2026-10-06T12:23:50.638491+00:00,crsuse2-m2m-137,ionic_4,tx_rdma_ack_timeout,43198,43200,2
2026-10-06T12:23:50.638491+00:00,crsuse2-m2m-137,ionic_6,tx_rdma_ack_timeout,40455,40457,2
2026-10-06T12:23:50.638491+00:00,crsuse2-m2m-137,ionic_7,tx_rdma_ack_timeout,44524,44526,2
2026-10-06T12:24:10.638666+00:00,crsuse2-m2m-137,ionic_0,tx_rdma_ack_timeout,23571,23582,11
2026-10-06T12:24:10.638666+00:00,crsuse2-m2m-137,ionic_1,tx_rdma_ack_timeout,31433,31448,15
2026-10-06T12:24:10.638666+00:00,crsuse2-m2m-137,ionic_4,tx_rdma_ack_timeout,43200,43202,2
2026-10-06T12:24:10.638666+00:00,crsuse2-m2m-137,ionic_5,tx_rdma_ack_timeout,23277,23280,3
2026-10-06T12:24:20.638766+00:00,crsuse2-m2m-137,ionic_2,tx_rdma_ack_timeout,38629,38631,2
2026-10-06T12:24:40.638939+00:00,crsuse2-m2m-137,ionic_3,tx_rdma_ack_timeout,52189,52190,1
2026-10-06T12:24:50.639041+00:00,crsuse2-m2m-137,ionic_2,tx_rdma_ack_timeout,38631,38632,1
2026-10-06T12:24:50.639041+00:00,crsuse2-m2m-137,ionic_3,tx_rdma_ack_timeout,52190,52191,1
2026-10-06T12:25:00.639146+00:00,crsuse2-m2m-137,ionic_2,tx_rdma_ack_timeout,38632,38634,2
2026-10-06T12:25:00.639146+00:00,crsuse2-m2m-137,ionic_5,tx_rdma_ack_timeout,23280,23283,3
2026-10-06T12:25:10.639256+00:00,crsuse2-m2m-137,ionic_5,tx_rdma_ack_timeout,23283,23284,1
2026-10-06T12:25:10.639256+00:00,crsuse2-m2m-137,ionic_7,tx_rdma_ack_timeout,44526,44530,4
2026-10-06T12:25:20.639342+00:00,crsuse2-m2m-137,ionic_2,tx_rdma_ack_timeout,38634,38637,3
2026-10-06T12:25:30.639431+00:00,crsuse2-m2m-137,ionic_0,tx_rdma_ack_timeout,23582,23585,3
2026-10-06T12:25:30.639431+00:00,crsuse2-m2m-137,ionic_6,tx_rdma_ack_timeout,40457,40465,8
2026-10-06T12:25:40.639538+00:00,crsuse2-m2m-137,ionic_6,tx_rdma_ack_timeout,40465,40475,10
2026-10-06T12:25:40.639538+00:00,crsuse2-m2m-137,ionic_7,tx_rdma_ack_timeout,44530,44532,2
2026-10-06T12:26:10.639829+00:00,crsuse2-m2m-137,ionic_3,tx_rdma_ack_timeout,52191,52199,8
