dest	source	sha256
scripts/transition_two_node.py	llying/router-capacity-campaign-20260928/scripts/transition_two_node.py	27681abe396ba057b47012660d9ec41f4ce3a366fd6d83867791648e9502f62e
scripts/preflight_placement.py	llying/router-capacity-campaign-20260928/scripts/preflight_placement.py	dbd32cfd60e41117939bba5bfa8365e3491263870b3628c6e6dd70d804e5c366
scripts/placement_answer_probe.py	llying/router-capacity-campaign-20260928/scripts/placement_answer_probe.py	86fe58881686ea19416653bed999f12211b84a96279531ff3608b86de17950a6
scripts/radix_gate.py	llying/router-capacity-campaign-20260928/scripts/radix_gate.py	d44d173d368cc491a8dc03077b79787f273ef938dad6b57b1a0eaced63b5984f
scripts/start_performance_router.py	llying/router-capacity-campaign-20260928/scripts/start_performance_router.py	ca09cb2e7b532696ec2847a07a983929dbfb66f59a345ce9b2bc27a4263e72b5
scripts/run_placement_performance.py	llying/router-capacity-campaign-20260928/scripts/run_placement_performance.py	02ba595fb6a4873ea539e9af6051083c9ea0dbc6bf9dac9dd52ddd4d8efaa079
scripts/capture_placement.py	llying/router-capacity-campaign-20260928/scripts/capture_placement.py	2714e3daa7bd5bb172237723e84aa98747b85c607b478b2aab08e7bd6012b212
scripts/analyze.py	llying/router-capacity-campaign-20260928/scripts/analyze.py	da3de1003e61383b63e31dfebd77557e5266e4479ad169f4c605816185b01453
scripts/analyze_sessions.py	llying/router-capacity-campaign-20260928/scripts/analyze_sessions.py	310c9f4217098fd9dd433561e71408711257b553f96ae96c7e2ba06ac2bf77c4
scripts/analyze_runtime.py	llying/router-capacity-campaign-20260928/scripts/analyze_runtime.py	169a8e672d9376ebdc0d99ca3688d683f6aeea668137bc6e024a9e2fab1132e2
scripts/analyze_decode_prefix.py	llying/router-capacity-campaign-20260928/scripts/analyze_decode_prefix.py	4a1fbc8b251620e9c579439a55d0959f36e5be93e2c689716f8b3f0b0b8f6eef
scripts/analyze_balance.py	llying/router-capacity-campaign-20260928/scripts/analyze_balance.py	4e94b99ee275f40e188cb62fc180ca28e7787f66964f7faba675a38b1e1e08bd
scripts/compare_c80_runs.py	llying/router-capacity-campaign-20260928/scripts/compare_c80_runs.py	5d958d95447528f0a8ff7e4b9eda532329fe7bfd8b42c13e1a3fb6ba60c6e629
scripts/compare_matched_requests.py	llying/router-capacity-campaign-20260928/scripts/compare_matched_requests.py	409ce7b0e162c20cf606b473d2bdc0d2ea410aa70bceca9ec9ee88997e841e54
scripts/bench-harness/agentx_bench.sh	llying/router-capacity-campaign-20260928/scripts/bench-harness/agentx_bench.sh	4f3cf5a534bd1203d87fb3a86db9b7bc489e199a42e92e664dcea43452458da0
scripts/bench-harness/engine.sh	llying/router-capacity-campaign-20260928/scripts/bench-harness/engine.sh	0cf07eac0d0b8a9539b6ef0f9b624009c45ff4e87d854ceaa89a08a1c2d2166f
scripts/bench-harness/tools/agentx_env.py	llying/router-capacity-campaign-20260928/scripts/bench-harness/tools/agentx_env.py	483eefdd1201eb15aabe6fcc3ec5c9f852351ddf665a90687777adca12bb89ff
scripts/bench-harness/tools/campaign_topology.py	llying/router-capacity-campaign-20260928/scripts/bench-harness/tools/campaign_topology.py	81d1b77dcfbc1a2cd4cff01b29a172a8edc4e5c4ca64dd2967908d6567256ea4
scripts/bench-harness/tools/topology.py	llying/router-capacity-campaign-20260928/scripts/bench-harness/tools/topology.py	3908a34ae40b4b725b54006e7f5735ba2542bca57da325bb4ca4193757b114f3
scripts/bench-harness/tools/ensure_inferencex.py	llying/p8d8-c80-c112-tracing-aus-20260922/scripts/bench-harness/tools/ensure_inferencex.py	f0b77f16244d6608278509cf32beb766ca66af81406330b5907081bfa3b2e15f
scripts/patch_client.py	llying/p8d8-c80-c112-tracing-aus-20260922/scripts/patch_client.py	f4653d543c5ff6fd25d319ca230d0d6873d4bc00ac89c0c56c19d42696c05d63
scripts/pin_chunk8k_dataset.py	llying/p8d8-c80-c112-tracing-aus-20260922/scripts/pin_chunk8k_dataset.py	295ce15ab0cf2184e1191c3b1edaae45982ee831f12acba43af869c6d4abaf66
scripts/otlp_jsonl_collector.py	llying/p8d8-c80-c112-tracing-aus-20260922/scripts/otlp_jsonl_collector.py	5577c85bf16e2b85faa5a727ed17c33301438b6ee205bccf04c9095b3c655971
scripts/sample_engine_metrics.py	llying/p8d8-c80-c112-tracing-aus-20260922/scripts/sample_engine_metrics.py	4bc9f67488472f0303b78be7b91c1d50ce7ee3a2b6999f7975f61155eb9c4214
scripts/sample_node_runtime.py	llying/p8d8-c80-c112-tracing-aus-20260922/scripts/sample_node_runtime.py	6fedba5d9d154a96e0cdf3cfbadc16d9cbbcbf73857610bac3a6790d07a19eb0
scripts/validate_and_pin_client.py	llying/p8d8-adaptive-31625-20260923/scripts/validate_and_pin_client.py	771b6412345e44d8d8739190f108a63532108f3f241ce53b8c754557bc1de636
config/client-constraints.txt	llying/r1r4-4k-20260924/config/client-constraints.txt	188fafce275906b90104cb43aefe3092ddc13d52700d958e8ccffc7bc80ed5f5
docker/aus_diag.py	llying/p8d8-c80-c112-tracing-aus-20260922/docker/aus_diag.py	082f9ef326fdd1243fc43cd73e5cf65895c550664dc6347b11ca8ee0a138e8f8
