node,hca,source,counter,before,after,delta
crsuse2-m2m-137,ionic_0,sysfs,req_tx_retry_excd_err,308,330,22
crsuse2-m2m-137,ionic_0,sysfs,tx_rdma_ack_timeout,23585,23726,141
crsuse2-m2m-137,ionic_0,sysfs,tx_rdma_retx_bytes,5153260557888,5195695219648,42434661760
crsuse2-m2m-137,ionic_0,sysfs,tx_rdma_retx_pkts,1259731465,1270104020,10372555
crsuse2-m2m-137,ionic_1,sysfs,req_tx_retry_excd_err,368,386,18
crsuse2-m2m-137,ionic_1,sysfs,tx_rdma_ack_timeout,31448,31562,114
crsuse2-m2m-137,ionic_1,sysfs,tx_rdma_retx_bytes,4694185902912,4733729331648,39543428736
crsuse2-m2m-137,ionic_1,sysfs,tx_rdma_retx_pkts,1147891611,1157555609,9663998
crsuse2-m2m-137,ionic_2,sysfs,req_tx_retry_excd_err,480,501,21
crsuse2-m2m-137,ionic_2,sysfs,tx_rdma_ack_timeout,38637,38833,196
crsuse2-m2m-137,ionic_2,sysfs,tx_rdma_retx_bytes,5549096858944,5597061724096,47964865152
crsuse2-m2m-137,ionic_2,sysfs,tx_rdma_retx_pkts,1356475839,1368198357,11722518
crsuse2-m2m-137,ionic_3,sysfs,req_tx_retry_excd_err,601,633,32
crsuse2-m2m-137,ionic_3,sysfs,tx_rdma_ack_timeout,52199,52407,208
crsuse2-m2m-137,ionic_3,sysfs,tx_rdma_retx_bytes,5973406980288,6028828528320,55421548032
crsuse2-m2m-137,ionic_3,sysfs,tx_rdma_retx_pkts,1460320622,1473861798,13541176
crsuse2-m2m-137,ionic_4,sysfs,req_tx_retry_excd_err,304,320,16
crsuse2-m2m-137,ionic_4,sysfs,tx_rdma_ack_timeout,43202,43323,121
crsuse2-m2m-137,ionic_4,sysfs,tx_rdma_retx_bytes,4740805231808,4782089575104,41284343296
crsuse2-m2m-137,ionic_4,sysfs,tx_rdma_retx_pkts,1159425348,1169512441,10087093
crsuse2-m2m-137,ionic_5,sysfs,req_tx_retry_excd_err,410,429,19
crsuse2-m2m-137,ionic_5,sysfs,tx_rdma_ack_timeout,23284,23415,131
crsuse2-m2m-137,ionic_5,sysfs,tx_rdma_retx_bytes,4487490870656,4535793331136,48302460480
crsuse2-m2m-137,ionic_5,sysfs,tx_rdma_retx_pkts,1097333962,1109139077,11805115
crsuse2-m2m-137,ionic_6,sysfs,req_tx_retry_excd_err,608,648,40
crsuse2-m2m-137,ionic_6,sysfs,tx_rdma_ack_timeout,40475,40633,158
crsuse2-m2m-137,ionic_6,sysfs,tx_rdma_retx_bytes,5040171131008,5087683824704,47512693696
crsuse2-m2m-137,ionic_6,sysfs,tx_rdma_retx_pkts,1232266818,1243877031,11610213
crsuse2-m2m-137,ionic_7,sysfs,req_tx_retry_excd_err,757,802,45
crsuse2-m2m-137,ionic_7,sysfs,tx_rdma_ack_timeout,44532,44712,180
crsuse2-m2m-137,ionic_7,sysfs,tx_rdma_retx_bytes,5137659326016,5188868451520,51209125504
crsuse2-m2m-137,ionic_7,sysfs,tx_rdma_retx_pkts,1256077927,1268591738,12513811
