name,count,total_us,percent_kernel_time,mean_us,p50_us,p90_us,max_us,category
mfma_moe1_silu_mul_afp4_wfp4_bf16_t32x128x256_pm1_async_v33,7200,666519.5919999997,16.237716716576927,92.57216555555551,89.64,114.0,143.44,MoE expert GEMM
main_kernel,15168,555749.7289999938,13.53914689549936,36.63961820938778,37.5595,69.53170000000004,75.319,Attention / MLA
_ZN5aiter33reduce_scatter_cross_device_storeIDF16bLi4EEEvPNS_8RankDataENS_11RankSignalsEPNS_6SignalEiiii,15360,535091.138999995,13.0358633668377,34.83666269531217,30.399,53.12,95.16,Communication / fused allreduce
mfma_moe2_afp4_wfp4_bf16_cshuffle_t32x128x256_vscale_fix3_fp4opt_v1_persist_cu256,7200,359498.1829999997,8.758076620316556,49.930303194444406,49.8795,63.0,76.24,MoE expert GEMM
hgemm_bf16_128x96x64x4_SPK2_W4x2x2_BLDS1_TN_AS1_0,7584,170526.75700000033,4.154364261752351,22.48506816983127,22.2,23.68,29.36,Dense GEMM / linear
hgemm_bf16_128x64x64x4_SPK3_W2x4x1_BLDS1_TN_AS1_0,7584,129936.43500000132,3.1655048824010166,17.132968750000174,17.039,17.759,20.719,Dense GEMM / linear
hgemm_bf16_64x64x64x4_SPK1_W1x4x1_BLDS1_TN_AS1_0,9696,110767.18300000057,2.698504531052473,11.424008147689827,11.479,11.719,14.599,Dense GEMM / linear
_fused_fp8_bmm_rope_cat_and_cache_mla_kernel_BLOCK_SIZE_M_64_BLOCK_SIZE_N_256_BLOCK_SIZE_K_128_GROUP_SIZE_M_1_QH_PER_KH_16_REUSE_FREQS_FRONT_PART_1_IS_NEOX_0_BLOCK_D_nope_512_BLOCK_DK_nope_512_BLOCK_D_pe_64_BLOCK_D_HALF_pe_32_TRANSPOSE_BM_NONE_OUTPUT_Q_NOPE_ZEROS_1_HAVE_K_SCALE_1_EVEN_K_0,7488,107743.6480000003,2.624845323728437,14.388841880341921,14.399,14.759,15.919,Attention / MLA
"void aiter::coop::coop_topk_kernel<2048u, 12u, 4096u, 1024u>(aiter::coop::CoopTopKParams<2048u>)",2112,89732.84400000001,2.186067024185525,42.487142045454554,42.44,43.319,44.839,DSA index / top-k
_ZN2ck15kernel_moe_gemmINS_15GridwiseMoeGemmINS_13tensor_layout4gemm8RowMajorENS3_11ColumnMajorENS_5TupleIJS4_S5_S4_EEES4_DF16bDF16bffNS6_IJfffEEEDF16bNS_16tensor_operation12element_wise11PassThroughESB_8TypeCastLNS9_6device18GemmSpecializationE0ELi256ELi32ELi64ELi64ELi8ELi8ELi16ELi16ELi2ELi1ENS_8SequenceIJLi8ELi32ELi1EEEENSF_IJLi1ELi0ELi2EEEESH_Li2ELi8ELi8ELb0ELi0ESG_SH_SH_Li2ELi8ELi8ELb0ELi0ELi2ELi1ENSF_IJLi1ELi32ELi1ELi8EEEENSF_IJLi8ELi1ELi8EEEELNS_26BlockGemmPipelineSchedulerE0ELNS_24BlockGemmPipelineVersionE0ELi1ELb0ELb1ELb0ELb1EiDF16bDF16bDF16bDF16bEELb1ELNS_25InMemoryDataOperationEnumE0ELi2ELNS_10TailNumberE1EEEvNT_8ArgumentE,384,85841.51799999997,2.0912667362446253,223.54561979166658,237.08100000000002,265.949,342.841,MoE expert GEMM
_gluon_deepgemm_fp8_paged_mqa_logits_preshuffle,2112,83559.0629999999,2.0356616825400136,39.56395028409086,39.519,39.919,41.839,DSA index / top-k
_batched_gemm_a8w8_a_per_token_group_prequant_w_per_batched_tensor_quant_kernel_HAS_BIAS_0_BLOCK_SIZE_M_64_BLOCK_SIZE_N_256_BLOCK_SIZE_K_128_GROUP_SIZE_M_1_EVEN_K_1_EVEN_MN_1_cache_modifier_CG,7488,79965.84799999895,1.9481239597602602,10.679199786324647,10.679,10.879,12.839,Dense GEMM / linear
_ZN5aiter25local_device_load_rmsnormIDF16bLi512ELi2ELb0EEEvNS_11RankSignalsEPT_S3_S3_S3_fiiii,15360,77923.8810000021,1.898377662594329,5.073169335937637,5.079,5.319,7.239,Communication / fused allreduce
_ZN5aiter13allgather_vecIDF16bLi4EEEvPNS_8RankDataENS_11RankSignalsEPNS_6SignalEPT_ii,576,71982.44999999992,1.7536328199414162,124.96953124999987,57.79900000000001,269.321,281.161,Communication / fused allreduce
_fused_dsa_target_verify_metadata_kernel,96,57760.217999999986,1.4071515205688474,601.6689374999999,602.164,606.424,608.244,DSA index / top-k
hgemm_bf16_32x64x128x5_SPK6_W1x4x1_BLDS1_TN_AS1_0,7296,52824.15500000075,1.2868994024748235,7.2401528234650145,7.239,7.439,9.36,Dense GEMM / linear
_ZN5aiter26cross_device_reduce_2stageIDF16bLi4ELb0EEEvPNS_8RankDataES2_NS_11RankSignalsEPNS_6SignalEPT_ii,1152,51584.55799999994,1.2567004028200142,44.77826215277773,25.359,113.34000000000002,454.082,Communication / fused allreduce
_ZN5aiter30fused_mx_quant_moe_sort_kernelIDF16bN4opus5fp4_tELi256ELi32EEEvPT0_PhPKT_PKiSA_PKfiiiiiiiii,7200,50714.54900000012,1.2355052873989067,7.043687361111128,7.039,7.359,8.639,MoE routing / sorting
_ZN5aiter30fused_mx_quant_moe_sort_kernelIDF16bN4opus5fp4_tELi256ELi8EEEvPT0_PhPKT_PKiSA_PKfiiiiiiiii,7200,49306.08899999971,1.2011924558465572,6.8480679166666265,6.799,7.159,12.839,MoE routing / sorting
_ZN2ck15kernel_moe_gemmINS_15GridwiseMoeGemmINS_13tensor_layout4gemm8RowMajorENS3_11ColumnMajorENS_5TupleIJS4_S5_S4_EEES4_DF16bDF16bffNS6_IJfffEEEDF16bNS_16tensor_operation12element_wise11PassThroughESB_8TypeCastLNS9_6device18GemmSpecializationE0ELi256ELi32ELi128ELi128ELi8ELi8ELi16ELi16ELi2ELi2ENS_8SequenceIJLi16ELi16ELi1EEEENSF_IJLi1ELi0ELi2EEEESH_Li2ELi8ELi8ELb0ELi0ESG_SH_SH_Li2ELi8ELi8ELb0ELi0ELi2ELi2ENSF_IJLi1ELi8ELi1ELi32EEEENSF_IJLi2ELi1ELi2ELi1EEEELNS_26BlockGemmPipelineSchedulerE0ELNS_24BlockGemmPipelineVersionE0ELi0ELb0ELb0ELb1ELb1EiDF16bDF16bDF16bDF16bEELb1ELNS_25InMemoryDataOperationEnumE1ELi2ELNS_10TailNumberE1EEEvNT_8ArgumentE,384,45626.59300000002,1.11155275969225,118.81925260416672,119.24,145.1007,190.681,MoE expert GEMM
Cijk_Alik_Bljk_BBS_BH_Bias_HA_S_SAV_UserArgs_MT256x32x128_MI16x16x1_SN_LDSB1_AFC0_AFEM1_AFEM1_ASEM1_CLR1_CADS0_DTLA0_DTLB0_DTVA0_DTVB0_EPS0_FDSI0_GRPM1_GRVWA8_GRVWB8_GSU0_GSUAMB_GLS0_ISA950_IU1_K1_LDSTI0_LBSPPA2048_LBSPPB256_LBSPPM0_LPA16_LPB16_LPM0_LRVW8_LWPMn1_MIAV0_MIWT8_1_MO40_NTn1_NTA4_NTB0_NTC0_NTD0_NTM0_NEPBS0_NLCA1_NLCB1_ONLL1_PGR2_PLR1_PKA1_SIA3_SS1_SPO0_SRVW0_SSO0_SVW8_SK3_SKFTR0_SKXCCM8_TLDS1_ULSGRO0_USL1_UIOFGRO0_USFGRO0_VSn1_VWA8_VWB1_WSGRA0_WSGRB0_WS64_WG32_8_1,384,41405.40100000003,1.0087162928802125,107.82656510416673,109.9,112.08,114.04,Dense GEMM / linear
Cijk_Alik_Bljk_BBS_BH_Bias_HA_S_SAV_UserArgs_MT160x192x128_MI16x16x1_SN_LDSB1_AFC0_AFEM1_AFEM1_ASEM1_CLR0_CADS0_DTLA0_DTLB0_DTVA0_DTVB0_EPS0_FDSI0_GRPM1_GRVWA8_GRVWB8_GSU0_GSUAMB_GLS0_ISA950_IU1_K1_LDSTI0_LBSPPA512_LBSPPB256_LBSPPM0_LPA16_LPB16_LPM0_LRVW8_LWPMn1_MIAV0_MIWT10_3_MO40_NTn1_NTA4_NTB0_NTC1_NTD4_NTM0_NEPBS0_NLCA1_NLCB1_ONLL1_PGR2_PLR1_PKA1_SIA3_SS1_SPO0_SRVW0_SSO0_SVW2_SK3_SKFTR0_SKXCCM0_TLDS1_ULSGRO0_USL1_UIOFGRO0_USFGRO0_VSn1_VWA2_VWB1_WSGRA0_WSGRB0_WS64_WG16_16_1,480,39400.46100000001,0.9598720456225355,82.08429375000001,53.679,128.8,131.72,Dense GEMM / linear
p23_kernel_1,7680,38715.91000000063,0.9431950486528208,5.041134114583415,5.039,5.279,6.799,MoE routing / sorting
_ZN2ck20kernel_moe_gemm_2ldsINS_15GridwiseMoeGemmINS_13tensor_layout4gemm8RowMajorENS3_11ColumnMajorENS_5TupleIJS4_S5_S4_EEES4_DF16bDF16bffNS6_IJfffEEEDF16bNS_16tensor_operation12element_wise11PassThroughESB_8TypeCastLNS9_6device18GemmSpecializationE0ELi256ELi128ELi128ELi64ELi8ELi8ELi16ELi16ELi8ELi2ENS_8SequenceIJLi8ELi32ELi1EEEENSF_IJLi1ELi0ELi2EEEESH_Li2ELi8ELi8ELb0ELi0ESG_SH_SH_Li2ELi8ELi8ELb0ELi0ELi2ELi2ENSF_IJLi1ELi32ELi1ELi8EEEENSF_IJLi8ELi1ELi8EEEELNS_26BlockGemmPipelineSchedulerE0ELNS_24BlockGemmPipelineVersionE2ELi1ELb0ELb1ELb0ELb1EiDF16bDF16bDF16bDF16bEELb1ELNS_25InMemoryDataOperationEnumE0ELi1ELNS_10TailNumberE1EEEvNT_8ArgumentE,96,37837.977999999996,0.9218069135049074,394.1456041666666,384.16200000000003,414.002,498.203,MoE expert GEMM
_ZN5aiter23fused_qk_rmsnorm_kernelIDF16bLi256ELi8ELb1ELi1EEEvPT_S2_PKS1_S4_S4_S4_ffiiiiiii,7968,37810.77599999919,0.9211442197515071,4.7453283132529105,4.4,4.599,15.4,Norm / RoPE / KV write
p0v2_kernel_0,7680,33572.533999999796,0.8178923816985775,4.37142369791664,4.359,4.559,6.279,MoE routing / sorting
_router_triton_kernel,7680,33338.52200000013,0.8121913931456796,4.340953385416683,4.319,4.559,7.159,MoE routing / sorting
"void at::native::reduce_kernel<512, 1, at::native::ReduceOp<float, at::native::ArgMaxOps<float>, unsigned int, long, 4, 4> >(at::native::ReduceOp<float, at::native::ArgMaxOps<float>, unsigned int, long, 4, 4>)",576,28174.018999999986,0.686374031281973,48.91322743055553,46.8,57.1995,69.8,Tensor / elementwise / indexing
"void at::native::(anonymous namespace)::cunn_SoftMaxForwardGmem<4, float, float, float, at::native::(anonymous namespace)::SoftMaxForwardWithMulEpilogue, long>(float*, float const*, long)",480,27342.742999999973,0.6661225272552327,56.96404791666661,56.88,58.039,60.2,Tensor / elementwise / indexing
Cijk_Alik_Bljk_BBS_BH_Bias_HA_S_SAV_UserArgs_MT16x16x1024_MI16x16x1_SN_LDSB1_AFC0_AFEM1_AFEM1_ASEM1_CLR1_CADS0_DTLA0_DTLB0_DTVA0_DTVB0_EPS0_FDSI0_GRPM1_GRVWA8_GRVWB8_GSU0_GSUAMB_GLS0_ISA950_IU1_K1_LDSTI0_LBSPPA2048_LBSPPB2048_LBSPPM0_LPA16_LPB16_LPM0_LRVW8_LWPMn1_MIAV0_MIWT1_1_MO40_NTn1_NTA0_NTB4_NTC0_NTD0_NTM0_NEPBS0_NLCA1_NLCB1_ONLL1_PGR2_PLR1_PKA1_SIA3_SS1_SPO0_SRVW0_SSO0_SVW1_SK3_SKFTR0_SKXCCM8_TLDS1_ULSGRO0_USL1_UIOFGRO0_USFGRO0_VSn1_VWA1_VWB1_WSGRA0_WSGRB0_WS64_WG16_4_4,2112,22804.459999999937,0.5555611054783653,10.797566287878759,10.759,11.119,12.839,Dense GEMM / linear
_ZN2ck20kernel_moe_gemm_2ldsINS_15GridwiseMoeGemmINS_13tensor_layout4gemm8RowMajorENS3_11ColumnMajorENS_5TupleIJS4_S5_S4_EEES4_DF16bDF16bffNS6_IJfffEEEDF16bNS_16tensor_operation12element_wise11PassThroughESB_8TypeCastLNS9_6device18GemmSpecializationE0ELi256ELi128ELi128ELi64ELi8ELi8ELi16ELi16ELi8ELi2ENS_8SequenceIJLi8ELi32ELi1EEEENSF_IJLi1ELi0ELi2EEEESH_Li2ELi8ELi8ELb0ELi0ESG_SH_SH_Li2ELi8ELi8ELb0ELi0ELi2ELi2ENSF_IJLi1ELi8ELi1ELi32EEEENSF_IJLi2ELi1ELi2ELi1EEEELNS_26BlockGemmPipelineSchedulerE0ELNS_24BlockGemmPipelineVersionE2ELi0ELb0ELb0ELb1ELb1EiDF16bDF16bDF16bDF16bEELb1ELNS_25InMemoryDataOperationEnumE1ELi2ELNS_10TailNumberE1EEEvNT_8ArgumentE,96,20547.197999999997,0.5005698023703646,214.03331249999997,221.661,238.261,255.361,MoE expert GEMM
"void aiter::kn_entry_2c_sbhd_cached_indirect_inplace<aiter::OpCachedFwd, 1, true, false, true, true, 1, true, hip_bfloat16, hip_bfloat16, long>(hip_bfloat16*, hip_bfloat16*, hip_bfloat16 const*, hip_bfloat16 const*, long const*, int, int, int, int, int, int, int, int, int, int, int, int, int, int, int, int)",2112,20394.379999999892,0.49684685795435785,9.656429924242373,9.679,9.879,11.559,Norm / RoPE / KV write
"void fast_hadamard_transform_kernel<fast_hadamard_transform_kernel_traits<16, 7, c10::BFloat16> >(HadamardParamsBase)",4224,19433.812000000285,0.4734455487382253,4.600807765151583,4.559,5.079,5.519,DSA index / top-k
_ZN7ck_tile6kentryILi1ENS_14Layernorm2dFwdINS_29Layernorm2dFwdPipelineOnePassINS_29Layernorm2dFwdPipelineProblemIDF16bDF16bDF16bDF16bfDF16bDF16bDF16bffNS_19Generic2dBlockShapeINS_8sequenceIJLi4ELi128EEEENS5_IJLi4ELi16EEEENS5_IJLi1ELi8EEEEEENS_20Layernorm2dFwdTraitsILb1ELb0ELb1ELb1ELb0ELNS_20Layernorm2dXBiasEnumE0ELNS_23Layernorm2dFusedAddEnumE0ELNS_25Layernorm2dFusedQuantEnumE0EEEEENS_35Layernorm2dFwdPipelineDefaultPolicyEEENS_17Default2DEpilogueINS_24Default2DEpilogueProblemIfDF16bLb0ELb1ELb1EEEvEEEEJNSM_5KargsEEEEvDpT1_,2112,17451.224999999988,0.42514586414024735,8.262890624999994,7.08,10.479,11.439,Norm / RoPE / KV write
hgemm_bf16_96x64x64x4_SPK1_W2x2x1_BLDS1_TN_AS1_0,384,12807.561999999994,0.31201718011313223,33.35302604166665,20.119500000000002,73.3077,76.04,Dense GEMM / linear
hgemm_bf16_32x128x128x3_SPK4_W2x2x2_BLDS1_TN_AS1_0,384,12678.888999999994,0.30888245497054095,33.01794010416665,30.079,41.787,44.679,Dense GEMM / linear
hgemm_bf16_16x64x128x5_SPK8_W1x2x1_BLDS1_TN_AS1_0,2112,12383.909000000027,0.3016961670736124,5.863593276515164,5.839,6.039,7.759,Dense GEMM / linear
"void at::native::elementwise_kernel_manual_unroll<128, 8, at::native::gpu_kernel_impl_nocast<at::native::direct_copy_kernel_cuda(at::TensorIteratorBase&)::{lambda()#3}::operator()() const::{lambda()#12}::operator()() const::{lambda(c10::BFloat16)#1}>(at::TensorIteratorBase&, at::native::direct_copy_kernel_cuda(at::TensorIteratorBase&)::{lambda()#3}::operator()() const::{lambda()#12}::operator()() const::{lambda(c10::BFloat16)#1} const&)::{lambda(int, bool)#1}>(int, at::native::gpu_kernel_impl_nocast<at::native::direct_copy_kernel_cuda(at::TensorIteratorBase&)::{lambda()#3}::operator()() const::{lambda()#12}::operator()() const::{lambda(c10::BFloat16)#1}>(at::TensorIteratorBase&, at::native::direct_copy_kernel_cuda(at::TensorIteratorBase&)::{lambda()#3}::operator()() const::{lambda()#12}::operator()() const::{lambda(c10::BFloat16)#1} const&)::{lambda(int, bool)#1})",576,12192.090999999995,0.2970231066226889,21.16682465277777,11.239,41.76,44.519,Quantization / cast
"void sglang::fused_metadata_copy_multi_kernel<true, false>(sglang::FusedMetadataCopyMultiParams)",96,11497.596999999998,0.2801038787879543,119.76663541666665,119.78,125.08,127.52,Tensor / elementwise / indexing
"void at::native::vectorized_elementwise_kernel<4, at::native::FillFunctor<int>, std::array<char*, 1ul> >(int, at::native::FillFunctor<int>, std::array<char*, 1ul>)",2688,11227.036999999867,0.27351250970057844,4.176725074404713,4.159,4.359,5.639,Tensor / elementwise / indexing
act_quant_kernel__kernel,2112,11161.170000000026,0.2719078611654035,5.284644886363648,5.279,5.439,7.279,Quantization / cast
_ZN5aiter32indexer_k_quant_and_cache_kernelIDF16bDB8_LN4vllm18Fp8KVCacheDataTypeE1ELi8ELi8ELi16EEEvPKT_PT0_PKliiiiibb,2112,9542.361000000146,0.23247051787386044,4.518163352272796,4.519,4.719,5.639,DSA index / top-k
_fused_dsa_decode_metadata_kernel,96,9171.577999999996,0.22343752111039097,95.5372708333333,95.17949999999999,97.95949999999999,103.04,DSA index / top-k
triton_poi_fused_mul_unsqueeze_0,2112,9135.961000000067,0.222569821551016,4.3257391098485165,4.319,4.479,5.439,Tensor / elementwise / indexing
_fused_dsa_draft_extend_metadata_kernel,96,9132.462000000001,0.2224845790893175,95.12981250000001,95.36,96.1995,96.799,DSA index / top-k
"void at::native::(anonymous namespace)::distribution_elementwise_grid_stride_kernel<float, 4, at::native::templates::cuda::uniform_and_transform<float, float, at::CUDAGeneratorImpl*, at::native::templates::cuda::exponential_kernel<at::CUDAGeneratorImpl*>(at::TensorIteratorBase&, double, at::CUDAGeneratorImpl*)::{lambda()#1}::operator()() const::{lambda()#2}::operator()() const::{lambda(float)#1}>(at::TensorIteratorBase&, at::CUDAGeneratorImpl*, at::native::templates::cuda::exponential_kernel<at::CUDAGeneratorImpl*>(at::TensorIteratorBase&, double, at::CUDAGeneratorImpl*)::{lambda()#1}::operator()() const::{lambda()#2}::operator()() const::{lambda(float)#1})::{lambda(hiprandStatePhilox4_32_10*)#2}, at::native::(anonymous namespace)::distribution_nullary_kernel<float, float, HIP_vector_type<float, 4u>, at::CUDAGeneratorImpl*, at::native::templates::cuda::uniform_and_transform<float, float, at::CUDAGeneratorImpl*, at::native::templates::cuda::exponential_kernel<at::CUDAGeneratorImpl*>(at::TensorIteratorBase&, double, at::CUDAGeneratorImpl*)::{lambda()#1}::operator()() const::{lambda()#2}::operator()() const::{lambda(float)#1}>(at::TensorIteratorBase&, at::CUDAGeneratorImpl*, at::native::templates::cuda::exponential_kernel<at::CUDAGeneratorImpl*>(at::TensorIteratorBase&, double, at::CUDAGeneratorImpl*)::{lambda()#1}::operator()() const::{lambda()#2}::operator()() const::{lambda(float)#1})::{lambda(hiprandStatePhilox4_32_10*)#2}, at::native::templates::cuda::exponential_kernel<at::CUDAGeneratorImpl*>(at::TensorIteratorBase&, double, at::CUDAGeneratorImpl*)::{lambda()#1}::operator()() const::{lambda()#2}::operator()() const::{lambda(float)#1}>(at::TensorIteratorBase&, at::CUDAGeneratorImpl*, at::native::templates::cuda::uniform_and_transform<float, float, at::CUDAGeneratorImpl*, at::native::templates::cuda::exponential_kernel<at::CUDAGeneratorImpl*>(at::TensorIteratorBase&, double, at::CUDAGeneratorImpl*)::{lambda()#1}::operator()() const::{lambda()#2}::operator()() const::{lambda(float)#1}>(at::TensorIteratorBase&, at::CUDAGeneratorImpl*, at::native::templates::cuda::exponential_kernel<at::CUDAGeneratorImpl*>(at::TensorIteratorBase&, double, at::CUDAGeneratorImpl*)::{lambda()#1}::operator()() const::{lambda()#2}::operator()() const::{lambda(float)#1})::{lambda(hiprandStatePhilox4_32_10*)#2} const&, at::native::templates::cuda::exponential_kernel<at::CUDAGeneratorImpl*>(at::TensorIteratorBase&, double, at::CUDAGeneratorImpl*)::{lambda()#1}::operator()() const::{lambda()#2}::operator()() const::{lambda(float)#1})::{lambda(int, float)#1}>(long, at::PhiloxCudaState, at::native::templates::cuda::uniform_and_transform<float, float, at::CUDAGeneratorImpl*, at::native::templates::cuda::exponential_kernel<at::CUDAGeneratorImpl*>(at::TensorIteratorBase&, double, at::CUDAGeneratorImpl*)::{lambda()#1}::operator()() const::{lambda()#2}::operator()() const::{lambda(float)#1}>(at::TensorIteratorBase&, at::CUDAGeneratorImpl*, at::native::templates::cuda::exponential_kernel<at::CUDAGeneratorImpl*>(at::TensorIteratorBase&, double, at::CUDAGeneratorImpl*)::{lambda()#1}::operator()() const::{lambda()#2}::operator()() const::{lambda(float)#1})::{lambda(hiprandStatePhilox4_32_10*)#2}, at::native::(anonymous namespace)::distribution_nullary_kernel<float, float, HIP_vector_type<float, 4u>, at::CUDAGeneratorImpl*, at::native::templates::cuda::uniform_and_transform<float, float, at::CUDAGeneratorImpl*, at::native::templates::cuda::exponential_kernel<at::CUDAGeneratorImpl*>(at::TensorIteratorBase&, double, at::CUDAGeneratorImpl*)::{lambda()#1}::operator()() const::{lambda()#2}::operator()() const::{lambda(float)#1}>(at::TensorIteratorBase&, at::CUDAGeneratorImpl*, at::native::templates::cuda::exponential_kernel<at::CUDAGeneratorImpl*>(at::TensorIteratorBase&, double, at::CUDAGeneratorImpl*)::{lambda()#1}::operator()() const::{lambda()#2}::operator()() const::{lambda(float)#1})::{lambda(hiprandStatePhilox4_32_10*)#2}, at::native::templates::cuda::exponential_kernel<at::CUDAGeneratorImpl*>(at::TensorIteratorBase&, double, at::CUDAGeneratorImpl*)::{lambda()#1}::operator()() const::{lambda()#2}::operator()() const::{lambda(float)#1}>(at::TensorIteratorBase&, at::CUDAGeneratorImpl*, at::native::templates::cuda::uniform_and_transform<float, float, at::CUDAGeneratorImpl*, at::native::templates::cuda::exponential_kernel<at::CUDAGeneratorImpl*>(at::TensorIteratorBase&, double, at::CUDAGeneratorImpl*)::{lambda()#1}::operator()() const::{lambda()#2}::operator()() const::{lambda(float)#1}>(at::TensorIteratorBase&, at::CUDAGeneratorImpl*, at::native::templates::cuda::exponential_kernel<at::CUDAGeneratorImpl*>(at::TensorIteratorBase&, double, at::CUDAGeneratorImpl*)::{lambda()#1}::operator()() const::{lambda()#2}::operator()() const::{lambda(float)#1})::{lambda(hiprandStatePhilox4_32_10*)#2} const&, at::native::templates::cuda::exponential_kernel<at::CUDAGeneratorImpl*>(at::TensorIteratorBase&, double, at::CUDAGeneratorImpl*)::{lambda()#1}::operator()() const::{lambda()#2}::operator()() const::{lambda(float)#1})::{lambda(int, float)#1})",480,8532.148000000008,0.20785975966916304,17.77530833333335,17.759,18.12,18.759,Tensor / elementwise / indexing
"void at::native::vectorized_elementwise_kernel<4, at::native::bfloat16tofloat32_copy_kernel_cuda(at::TensorIteratorBase&)::{lambda(c10::BFloat16)#1}, std::array<char*, 2ul> >(int, at::native::bfloat16tofloat32_copy_kernel_cuda(at::TensorIteratorBase&)::{lambda(c10::BFloat16)#1}, std::array<char*, 2ul>)",576,8192.294999999966,0.19958027800723532,14.22273437499994,8.759,26.1995,27.04,Tensor / elementwise / indexing
_ZN5aiter24add_rmsnorm_quant_kernelIDF16bDF16bLi256ELi24ELb0ELb0ELb1ELi1EEEvPT0_PT_PfS4_S4_S4_dbiiiiiiibb,1536,6662.717000000011,0.1623167758416342,4.33770638020834,4.319,4.599,5.0,Norm / RoPE / KV write
hgemm_bf16_32x64x256x3_SPK2_W1x1x2_BLDS1_TN_AS1_0,384,6058.668000000004,0.14760096453967372,15.777781250000011,15.799,16.6,18.199,Dense GEMM / linear
flydsl_sparse_mla_partial_ng32_ii2_xor_partner_split_major,384,5884.176999999997,0.14335002358970036,15.323377604166659,14.999,17.519,19.44,Attention / MLA
"void at::native::elementwise_kernel_manual_unroll<128, 4, at::native::gpu_kernel_impl_nocast<at::native::BinaryFunctor<float, float, float, at::native::binary_internal::DivFunctor<float> > >(at::TensorIteratorBase&, at::native::BinaryFunctor<float, float, float, at::native::binary_internal::DivFunctor<float> > const&)::{lambda(int, bool)#1}>(int, at::native::gpu_kernel_impl_nocast<at::native::BinaryFunctor<float, float, float, at::native::binary_internal::DivFunctor<float> > >(at::TensorIteratorBase&, at::native::BinaryFunctor<float, float, float, at::native::binary_internal::DivFunctor<float> > const&)::{lambda(int, bool)#1})",480,5025.684000000009,0.12243546038033551,10.470175000000019,10.479,10.759,11.239,Quantization / cast
Cijk_Alik_Bljk_BBS_BH_Bias_HA_S_SAV_UserArgs_MT256x32x128_MI16x16x1_SN_LDSB1_AFC0_AFEM1_AFEM1_ASEM1_CLR1_CADS0_DTLA0_DTLB0_DTVA0_DTVB0_EPS0_FDSI0_GRPM1_GRVWA8_GRVWB8_GSU0_GSUAMB_GLS0_ISA950_IU1_K1_LDSTI0_LBSPPA2048_LBSPPB256_LBSPPM0_LPA16_LPB16_LPM0_LRVW8_LWPMn1_MIAV0_MIWT8_1_MO40_NTn1_NTA0_NTB0_NTC0_NTD0_NTM0_NEPBS0_NLCA1_NLCB1_ONLL1_PGR2_PLR1_PKA1_SIA3_SS1_SPO0_SRVW0_SSO0_SVW8_SK3_SKFTR0_SKXCCM0_TLDS1_ULSGRO0_USL1_UIOFGRO0_USFGRO0_VSn1_VWA8_VWB1_WSGRA0_WSGRB0_WS64_WG32_8_1,384,4515.532000000002,0.11000716306121441,11.759197916666672,11.759,12.1197,14.039,Dense GEMM / linear
hgemm_bf16_32x32x256x4_SPK3_W2x2x2_BLDS1_TN_AS1_0,384,4238.017000000003,0.10324635661428129,11.036502604166673,10.279499999999999,13.399,15.159,Dense GEMM / linear
"void at::native::vectorized_elementwise_kernel<16, at::native::FillFunctor<bool>, std::array<char*, 1ul> >(int, at::native::FillFunctor<bool>, std::array<char*, 1ul>)",96,4197.8240000000005,0.10226717677347413,43.72733333333334,43.1995,48.4595,50.919,Tensor / elementwise / indexing
"void at::native::vectorized_elementwise_kernel<4, at::native::BinaryFunctor<float, float, float, at::native::binary_internal::DivFunctor<float> >, std::array<char*, 3ul> >(int, at::native::BinaryFunctor<float, float, float, at::native::binary_internal::DivFunctor<float> >, std::array<char*, 3ul>)",480,4178.236999999992,0.10178999926639835,8.70466041666665,8.679,9.119,9.559,Tensor / elementwise / indexing
"void at::native::(anonymous namespace)::CatArrayBatchedCopy_contig<at::native::(anonymous namespace)::OpaqueType<4u>, unsigned int, 2, 128, 1>(at::native::(anonymous namespace)::OpaqueType<4u>*, at::native::(anonymous namespace)::CatArrInputTensorMetadata<at::native::(anonymous namespace)::OpaqueType<4u>, unsigned int, 128, 1>, at::native::(anonymous namespace)::TensorSizeStride<unsigned int, 4u>, int, unsigned int)",96,3843.7760000000003,0.0936418772367868,40.03933333333334,40.039,40.52,41.6,Tensor / elementwise / indexing
"void at::native::vectorized_elementwise_kernel<4, at::native::(anonymous namespace)::launch_clamp_scalar(at::TensorIteratorBase&, c10::Scalar, c10::Scalar, at::native::detail::ClampLimits)::{lambda()#1}::operator()() const::{lambda()#7}::operator()() const::{lambda(float)#1}, std::array<char*, 2ul> >(int, at::native::(anonymous namespace)::launch_clamp_scalar(at::TensorIteratorBase&, c10::Scalar, c10::Scalar, at::native::detail::ClampLimits)::{lambda()#1}::operator()() const::{lambda()#7}::operator()() const::{lambda(float)#1}, std::array<char*, 2ul>)",480,3742.630000000005,0.09117776348120074,7.797145833333344,7.759,8.079,9.639,Tensor / elementwise / indexing
"void at::native::vectorized_elementwise_kernel<4, at::native::CUDAFunctorOnSelf_add<long>, std::array<char*, 2ul> >(int, at::native::CUDAFunctorOnSelf_add<long>, std::array<char*, 2ul>)",768,3085.6510000000053,0.0751724741862088,4.0177747395833405,4.079,4.279,5.719,Tensor / elementwise / indexing
"void at::native::index_elementwise_kernel<128, 4, at::native::gpu_index_kernel<at::native::index_put_kernel_impl<at::native::OpaqueType<4> >(at::TensorIterator&, c10::ArrayRef<long>, c10::ArrayRef<long>)::{lambda(char*, char const*, long)#1}>(at::TensorIteratorBase&, c10::ArrayRef<long>, c10::ArrayRef<long>, at::native::index_put_kernel_impl<at::native::OpaqueType<4> >(at::TensorIterator&, c10::ArrayRef<long>, c10::ArrayRef<long>)::{lambda(char*, char const*, long)#1} const&, bool)::{lambda(int)#1}>(long, at::native::gpu_index_kernel<at::native::index_put_kernel_impl<at::native::OpaqueType<4> >(at::TensorIterator&, c10::ArrayRef<long>, c10::ArrayRef<long>)::{lambda(char*, char const*, long)#1}>(at::TensorIteratorBase&, c10::ArrayRef<long>, c10::ArrayRef<long>, at::native::index_put_kernel_impl<at::native::OpaqueType<4> >(at::TensorIterator&, c10::ArrayRef<long>, c10::ArrayRef<long>)::{lambda(char*, char const*, long)#1} const&, bool)::{lambda(int)#1})",480,3061.4659999999994,0.07458328043481115,6.378054166666666,4.099,15.639,16.279,DSA index / top-k
"void at::native::elementwise_kernel_manual_unroll<128, 4, at::native::gpu_kernel_impl_nocast<at::native::direct_copy_kernel_cuda(at::TensorIteratorBase&)::{lambda()#3}::operator()() const::{lambda()#4}::operator()() const::{lambda(long)#1}>(at::TensorIteratorBase&, at::native::direct_copy_kernel_cuda(at::TensorIteratorBase&)::{lambda()#3}::operator()() const::{lambda()#4}::operator()() const::{lambda(long)#1} const&)::{lambda(int, bool)#1}>(int, at::native::gpu_kernel_impl_nocast<at::native::direct_copy_kernel_cuda(at::TensorIteratorBase&)::{lambda()#3}::operator()() const::{lambda()#4}::operator()() const::{lambda(long)#1}>(at::TensorIteratorBase&, at::native::direct_copy_kernel_cuda(at::TensorIteratorBase&)::{lambda()#3}::operator()() const::{lambda()#4}::operator()() const::{lambda(long)#1} const&)::{lambda(int, bool)#1})",768,2963.6599999999908,0.07220053559093316,3.8589322916666546,3.839,4.039,4.199,Quantization / cast
hgemm_bf16_32x64x128x4_SPK4_W1x4x1_BLDS1_TN_AS1_0,384,2790.6820000000002,0.0679864542707251,7.267401041666667,6.9395,8.439,10.439,Dense GEMM / linear
"void at::native::vectorized_gather_kernel<16, long>(char*, char*, long*, int, long, long, long, long, bool)",480,2715.705999999997,0.06615989273651873,5.657720833333327,4.519,8.883000000000001,10.519,Tensor / elementwise / indexing
ncclDevKernel_Generic_1(ncclDevKernelArgsStorage<4096ul>),312,2701.358000000001,0.0658103474834673,8.658198717948721,6.2995,13.395100000000001,21.319,Communication / fused allreduce
_vocab_parallel_embedding_kernel,576,2624.1269999999986,0.06392884975288296,4.555776041666665,4.479,5.159,6.959,Tensor / elementwise / indexing
_ZN5aiter24add_rmsnorm_quant_kernelIDF16bDF16bLi256ELi24ELb1ELb0ELb1ELi1EEEvPT0_PT_PfS4_S4_S4_dbiiiiiiibb,576,2616.5709999999967,0.06374477086160488,4.542657986111106,4.519,4.759,5.919,Norm / RoPE / KV write
"void at::native::(anonymous namespace)::CatArrayBatchedCopy_contig<at::native::(anonymous namespace)::OpaqueType<2u>, unsigned int, 2, 128, 1>(at::native::(anonymous namespace)::OpaqueType<2u>*, at::native::(anonymous namespace)::CatArrInputTensorMetadata<at::native::(anonymous namespace)::OpaqueType<2u>, unsigned int, 128, 1>, at::native::(anonymous namespace)::TensorSizeStride<unsigned int, 4u>, int, unsigned int)",480,2612.0949999999934,0.0636357267751357,5.441864583333319,5.359,5.879,6.279,Tensor / elementwise / indexing
"void at::native::vectorized_elementwise_kernel<4, at::native::FillFunctor<float>, std::array<char*, 1ul> >(int, at::native::FillFunctor<float>, std::array<char*, 1ul>)",576,2422.721,0.05902220692906802,4.206112847222222,4.239,4.359,4.599,Tensor / elementwise / indexing
Cijk_Alik_Bljk_BBS_BH_Bias_HA_S_SAV_UserArgs_MT64x32x64_MI16x16x1_SN_LDSB0_AFC0_AFEM1_AFEM1_ASEM1_CLR1_CADS0_DTLA1_DTLB1_DTVA0_DTVB0_EPS0_FDSI0_GRPM1_GRVWA8_GRVWB2_GSU0_GSUAMB_GLS0_ISA950_IU1_K1_LDSTI0_LBSPPA1024_LBSPPB256_LBSPPM0_LPA16_LPB16_LPM0_LRVW8_LWPMn1_MIAV0_MIWT1_2_MO40_NTn1_NTA0_NTB0_NTC4_NTD4_NTM0_NEPBS0_NLCA1_NLCB1_ONLL1_PGR2_PLR1_PKA1_SIA3_SS1_SPO1_SRVW0_SSO0_SVW1_SK3_SKFTR0_SKXCCM0_TLDS1_ULSGRO0_USL1_UIOFGRO0_USFGROn1_VSn1_VWA1_VWB2_WSGRA0_WSGRB0_WS64_WG64_4_1,384,2406.828999999998,0.058635046825813504,6.2677838541666615,6.159,6.839,8.279,Dense GEMM / linear
hgemm_bf16_32x64x128x3_SPK12_W1x4x1_BLDS1_TN_AS1_0,384,2311.9210000000003,0.05632290291191511,6.020627604166667,6.0195,6.16,7.639,Dense GEMM / linear
_fused_qk_rope_cat_and_cache_mla_kernel,480,2048.1399999999985,0.04989668348097089,4.2669583333333305,4.279,4.479,5.319,Attention / MLA
"void at::native::_scatter_gather_elementwise_kernel<256, 4, at::native::_cuda_scatter_gather_internal_kernel<false, at::native::OpaqueType<4>, long>::operator()<at::native::TensorAssign>(at::TensorIterator&, long, long, long, at::native::TensorAssign const&)::{lambda(int)#1}>(int, at::native::_cuda_scatter_gather_internal_kernel<false, at::native::OpaqueType<4>, long>::operator()<at::native::TensorAssign>(at::TensorIterator&, long, long, long, at::native::TensorAssign const&)::{lambda(int)#1})",480,1902.0960000000005,0.0463387669116471,3.9627000000000008,3.999,4.079,4.239,Tensor / elementwise / indexing
flydsl_sparse_mla_decode_combine_ni16_coarse,384,1705.5919999999974,0.041551546364836406,4.441645833333326,4.399,4.559,13.16,Attention / MLA
triton_poi_fused_add_arange_floor_divide_index_max_unsqueeze_view_2,384,1703.035999999998,0.04148927722162484,4.434989583333328,4.439,4.599,4.999,Tensor / elementwise / indexing
triton_poi_fused_gather_max_view_1,384,1644.3039999999987,0.040058451196936906,4.282041666666664,4.279,4.467,4.799,Tensor / elementwise / indexing
triton_poi_fused_max_mul_unsqueeze_view_0,384,1618.5059999999987,0.03942996162081316,4.214859374999997,4.239,4.399,4.759,Tensor / elementwise / indexing
Cijk_Alik_Bljk_BBS_BH_Bias_HA_S_SAV_UserArgs_MT256x192x64_MI16x16x1_SN_LDSB0_AFC0_AFEM1_AFEM1_ASEM1_CLR1_CADS0_DTLA0_DTLB0_DTVA0_DTVB0_EPS0_FDSI0_GRPM1_GRVWA8_GRVWB8_GSU0_GSUAMB_GLS0_ISA950_IU1_K1_LDSTI0_LBSPPA1024_LBSPPB256_LBSPPM0_LPA16_LPB16_LPM0_LRVW8_LWPMn1_MIAV0_MIWT8_6_MO40_NTn1_NTA0_NTB0_NTC0_NTD0_NTM0_NEPBS0_NLCA1_NLCB1_ONLL1_PGR2_PLR1_PKA1_SIA3_SS1_SPO0_SRVW0_SSO0_SVW8_SK3_SKFTR0_SKXCCM0_TLDS1_ULSGRO0_USL1_UIOFGRO0_USFGRO0_VSn1_VWA8_VWB2_WSGRA0_WSGRB0_WS64_WG32_8_1,96,1594.1619999999987,0.03883689431942714,16.605854166666653,16.599,17.039,17.279,Dense GEMM / linear
triton_poi_fused_add_max_view_3,384,1570.7490000000012,0.03826650799313116,4.090492187500003,4.079,4.279,4.439,Tensor / elementwise / indexing
"void at::native::elementwise_kernel_manual_unroll<128, 4, at::native::gpu_kernel_impl<at::native::direct_copy_kernel_cuda(at::TensorIteratorBase&)::{lambda()#3}::operator()() const::{lambda()#3}::operator()() const::{lambda(int)#1}>(at::TensorIteratorBase&, at::native::direct_copy_kernel_cuda(at::TensorIteratorBase&)::{lambda()#3}::operator()() const::{lambda()#3}::operator()() const::{lambda(int)#1} const&)::{lambda(int, bool)#2}>(int, at::native::gpu_kernel_impl<at::native::direct_copy_kernel_cuda(at::TensorIteratorBase&)::{lambda()#3}::operator()() const::{lambda()#3}::operator()() const::{lambda(int)#1}>(at::TensorIteratorBase&, at::native::direct_copy_kernel_cuda(at::TensorIteratorBase&)::{lambda()#3}::operator()() const::{lambda()#3}::operator()() const::{lambda(int)#1} const&)::{lambda(int, bool)#2})",288,1295.964,0.031572209668642284,4.499874999999999,4.039,5.839,6.119,Tensor / elementwise / indexing
_ZN7sgl_hip10activation18act_and_mul_kernelI14__hip_bfloat16TnPFT_RKS3_EXadL_Z4siluIS2_ES3_S5_EEEEvPS3_PS4_i,288,1291.4019999999998,0.03146107045450643,4.484034722222222,4.4795,4.639,5.319,Tensor / elementwise / indexing
"void at::native::elementwise_kernel_manual_unroll<128, 4, at::native::gpu_kernel_impl<at::native::direct_copy_kernel_cuda(at::TensorIteratorBase&)::{lambda()#3}::operator()() const::{lambda()#4}::operator()() const::{lambda(long)#1}>(at::TensorIteratorBase&, at::native::direct_copy_kernel_cuda(at::TensorIteratorBase&)::{lambda()#3}::operator()() const::{lambda()#4}::operator()() const::{lambda(long)#1} const&)::{lambda(int, bool)#1}>(int, at::native::gpu_kernel_impl<at::native::direct_copy_kernel_cuda(at::TensorIteratorBase&)::{lambda()#3}::operator()() const::{lambda()#4}::operator()() const::{lambda(long)#1}>(at::TensorIteratorBase&, at::native::direct_copy_kernel_cuda(at::TensorIteratorBase&)::{lambda()#3}::operator()() const::{lambda()#4}::operator()() const::{lambda(long)#1} const&)::{lambda(int, bool)#1})",288,1246.486,0.03036682912567575,4.328076388888889,4.319,4.959,5.399,Tensor / elementwise / indexing
"void at::native::(anonymous namespace)::multi_tensor_apply_kernel<at::native::(anonymous namespace)::TensorListMetadata<2>, at::native::(anonymous namespace)::UnaryOpFunctor<long, 2, 1, 1>, at::native::Copy<long, long> >(at::native::(anonymous namespace)::TensorListMetadata<2>, at::native::(anonymous namespace)::UnaryOpFunctor<long, 2, 1, 1>, at::native::Copy<long, long>)",288,1191.3629999999991,0.02902392537714215,4.13667708333333,4.138999999999999,4.319,5.919,Tensor / elementwise / indexing
"void at::native::vectorized_elementwise_kernel<4, at::native::FillFunctor<long>, std::array<char*, 1ul> >(int, at::native::FillFunctor<long>, std::array<char*, 1ul>)",288,1144.6800000000003,0.027886636483344798,3.9745833333333342,3.959,4.239,4.4,Tensor / elementwise / indexing
"void (anonymous namespace)::elementwise_kernel_with_index<int, at::native::arange_cuda_out(c10::Scalar const&, c10::Scalar const&, c10::Scalar const&, at::Tensor&)::{lambda()#1}::operator()() const::{lambda()#4}::operator()() const::{lambda(long)#1}>(int, at::native::arange_cuda_out(c10::Scalar const&, c10::Scalar const&, c10::Scalar const&, at::Tensor&)::{lambda()#1}::operator()() const::{lambda()#4}::operator()() const::{lambda(long)#1}, function_traits<at::native::arange_cuda_out(c10::Scalar const&, c10::Scalar const&, c10::Scalar const&, at::Tensor&)::{lambda()#1}::operator()() const::{lambda()#4}::operator()() const::{lambda(long)#1}>::result_type*)",288,1129.2429999999997,0.027510561067164374,3.920982638888888,3.919,4.119,4.319,Tensor / elementwise / indexing
"void at::native::index_elementwise_kernel<128, 4, at::native::gpu_index_kernel<at::native::index_put_kernel_impl<at::native::OpaqueType<8> >(at::TensorIterator&, c10::ArrayRef<long>, c10::ArrayRef<long>)::{lambda(char*, char const*, long)#1}>(at::TensorIteratorBase&, c10::ArrayRef<long>, c10::ArrayRef<long>, at::native::index_put_kernel_impl<at::native::OpaqueType<8> >(at::TensorIterator&, c10::ArrayRef<long>, c10::ArrayRef<long>)::{lambda(char*, char const*, long)#1} const&, bool)::{lambda(int)#1}>(long, at::native::gpu_index_kernel<at::native::index_put_kernel_impl<at::native::OpaqueType<8> >(at::TensorIterator&, c10::ArrayRef<long>, c10::ArrayRef<long>)::{lambda(char*, char const*, long)#1}>(at::TensorIteratorBase&, c10::ArrayRef<long>, c10::ArrayRef<long>, at::native::index_put_kernel_impl<at::native::OpaqueType<8> >(at::TensorIterator&, c10::ArrayRef<long>, c10::ArrayRef<long>)::{lambda(char*, char const*, long)#1} const&, bool)::{lambda(int)#1})",288,1070.282000000001,0.026074156156015008,3.716256944444448,3.839,4.039,4.159,DSA index / top-k
"build_tree_efficient(long*, long*, long*, bool*, long*, long*, long*, long*, int, int, int, int)",96,1068.0719999999994,0.02602031624736959,11.125749999999995,11.12,11.359,11.639,Sampling / speculative bookkeeping
"void at::native::reduce_kernel<512, 1, at::native::ReduceOp<long, at::native::func_wrapper_t<long, at::native::MaxNanFunctor<long> >, unsigned int, long, 4, 4> >(at::native::ReduceOp<long, at::native::func_wrapper_t<long, at::native::MaxNanFunctor<long> >, unsigned int, long, 4, 4>)",192,988.9350000000003,0.024092384640822403,5.1507031250000015,5.879,6.795000000000001,7.119,Tensor / elementwise / indexing
"void at::native::elementwise_kernel_manual_unroll<128, 4, at::native::gpu_kernel_impl<at::native::CUDAFunctor_add<long> >(at::TensorIteratorBase&, at::native::CUDAFunctor_add<long> const&)::{lambda(int, bool)#1}>(int, at::native::gpu_kernel_impl<at::native::CUDAFunctor_add<long> >(at::TensorIteratorBase&, at::native::CUDAFunctor_add<long> const&)::{lambda(int, bool)#1})",192,861.6149999999998,0.020990621216057864,4.487578124999999,4.379,5.199,5.639,Tensor / elementwise / indexing
"void at::native::(anonymous namespace)::CatArrayBatchedCopy_contig<at::native::(anonymous namespace)::OpaqueType<8u>, unsigned int, 2, 128, 1>(at::native::(anonymous namespace)::OpaqueType<8u>*, at::native::(anonymous namespace)::CatArrInputTensorMetadata<at::native::(anonymous namespace)::OpaqueType<8u>, unsigned int, 128, 1>, at::native::(anonymous namespace)::TensorSizeStride<unsigned int, 4u>, int, unsigned int)",192,854.891,0.02082681146685808,4.4525572916666665,4.439,4.8399,5.039,Tensor / elementwise / indexing
"void at::native::elementwise_kernel_manual_unroll<128, 4, at::native::gpu_kernel_impl<at::native::direct_copy_kernel_cuda(at::TensorIteratorBase&)::{lambda()#3}::operator()() const::{lambda()#4}::operator()() const::{lambda(long)#1}>(at::TensorIteratorBase&, at::native::direct_copy_kernel_cuda(at::TensorIteratorBase&)::{lambda()#3}::operator()() const::{lambda()#4}::operator()() const::{lambda(long)#1} const&)::{lambda(int, bool)#2}>(int, at::native::gpu_kernel_impl<at::native::direct_copy_kernel_cuda(at::TensorIteratorBase&)::{lambda()#3}::operator()() const::{lambda()#4}::operator()() const::{lambda(long)#1}>(at::TensorIteratorBase&, at::native::direct_copy_kernel_cuda(at::TensorIteratorBase&)::{lambda()#3}::operator()() const::{lambda()#4}::operator()() const::{lambda(long)#1} const&)::{lambda(int, bool)#2})",192,847.5360000000007,0.02064762932745233,4.414250000000004,4.099,5.399,5.839,Tensor / elementwise / indexing
Cijk_Alik_Bljk_BBS_BH_Bias_HA_S_SAV_UserArgs_MT128x64x64_MI16x16x1_SN_LDSB1_AFC0_AFEM1_AFEM1_ASEM1_CLR1_CADS0_DTLA0_DTLB0_DTVA0_DTVB0_EPS0_FDSI0_GRPM1_GRVWA8_GRVWB8_GSU0_GSUAMB_GLS0_ISA950_IU1_K1_LDSTI0_LBSPPA512_LBSPPB256_LBSPPM0_LPA16_LPB16_LPM0_LRVW8_LWPMn1_MIAV0_MIWT4_2_MO40_NTn1_NTA0_NTB0_NTC0_NTD0_NTM0_NEPBS0_NLCA1_NLCB1_ONLL1_PGR2_PLR1_PKA1_SIA3_SS1_SPO0_SRVW0_SSO0_SVW4_SK3_SKFTR0_SKXCCM0_TLDS1_ULSGRO0_USL1_UIOFGRO0_USFGRO0_VSn1_VWA4_VWB2_WSGRA0_WSGRB0_WS64_WG32_8_1,96,760.0720000000002,0.018516835766475215,7.917416666666669,7.919,8.159,8.479,Dense GEMM / linear
"void at::native::vectorized_elementwise_kernel<4, at::native::CUDAFunctorOnSelf_add<int>, std::array<char*, 2ul> >(int, at::native::CUDAFunctorOnSelf_add<int>, std::array<char*, 2ul>)",192,741.214,0.01805741812066772,3.8604895833333335,3.879,4.039,4.359,Tensor / elementwise / indexing
"void at::native::elementwise_kernel_manual_unroll<128, 4, at::native::gpu_kernel_impl<at::native::CUDAFunctor_add<long> >(at::TensorIteratorBase&, at::native::CUDAFunctor_add<long> const&)::{lambda(int, bool)#2}>(int, at::native::gpu_kernel_impl<at::native::CUDAFunctor_add<long> >(at::TensorIteratorBase&, at::native::CUDAFunctor_add<long> const&)::{lambda(int, bool)#2})",96,682.0289999999998,0.01661555613280494,7.104468749999998,7.119,7.439,7.759,Tensor / elementwise / indexing
"void at::native::(anonymous namespace)::CatArrayBatchedCopy<at::native::(anonymous namespace)::OpaqueType<1u>, unsigned int, 3, 64, 64>(at::native::(anonymous namespace)::OpaqueType<1u>*, at::native::(anonymous namespace)::CatArrInputTensorMetadata<at::native::(anonymous namespace)::OpaqueType<1u>, unsigned int, 64, 64>, at::native::(anonymous namespace)::TensorSizeStride<unsigned int, 4u>, int, unsigned int)",96,659.508,0.016066900665563964,6.869875,6.959,7.199,7.399,Tensor / elementwise / indexing
"void at::native::index_elementwise_kernel<128, 4, at::native::gpu_index_kernel<at::native::index_put_kernel_impl<at::native::OpaqueType<2> >(at::TensorIterator&, c10::ArrayRef<long>, c10::ArrayRef<long>)::{lambda(char*, char const*, long)#1}>(at::TensorIteratorBase&, c10::ArrayRef<long>, c10::ArrayRef<long>, at::native::index_put_kernel_impl<at::native::OpaqueType<2> >(at::TensorIterator&, c10::ArrayRef<long>, c10::ArrayRef<long>)::{lambda(char*, char const*, long)#1} const&, bool)::{lambda(int)#1}>(long, at::native::gpu_index_kernel<at::native::index_put_kernel_impl<at::native::OpaqueType<2> >(at::TensorIterator&, c10::ArrayRef<long>, c10::ArrayRef<long>)::{lambda(char*, char const*, long)#1}>(at::TensorIteratorBase&, c10::ArrayRef<long>, c10::ArrayRef<long>, at::native::index_put_kernel_impl<at::native::OpaqueType<2> >(at::TensorIterator&, c10::ArrayRef<long>, c10::ArrayRef<long>)::{lambda(char*, char const*, long)#1} const&, bool)::{lambda(int)#1})",96,562.4680000000001,0.013702817075089965,5.859041666666667,5.879,6.019,6.199,DSA index / top-k
"void VerifyTreeGreedy<int, long>(int*, int*, int*, long*, long*, long*, long*, long*, unsigned int, unsigned int, unsigned int)",96,511.9890000000001,0.012473050220560522,5.333218750000001,5.559,5.8395,5.999,Sampling / speculative bookkeeping
_gather_rows_kernel,96,450.98600000000016,0.010986898208300781,4.697770833333335,4.719,4.799,5.039,Tensor / elementwise / indexing
"void at::native::vectorized_elementwise_kernel<4, at::native::(anonymous namespace)::launch_clamp_scalar(at::TensorIteratorBase&, c10::Scalar, c10::Scalar, at::native::detail::ClampLimits)::{lambda()#1}::operator()() const::{lambda()#4}::operator()() const::{lambda(long)#1}, std::array<char*, 2ul> >(int, at::native::(anonymous namespace)::launch_clamp_scalar(at::TensorIteratorBase&, c10::Scalar, c10::Scalar, at::native::detail::ClampLimits)::{lambda()#1}::operator()() const::{lambda()#4}::operator()() const::{lambda(long)#1}, std::array<char*, 2ul>)",96,419.42599999999976,0.010218035078505229,4.369020833333331,4.159,5.4990000000000006,5.799,Tensor / elementwise / indexing
"void at::native::elementwise_kernel_manual_unroll<128, 4, at::native::gpu_kernel_impl<at::native::direct_copy_kernel_cuda(at::TensorIteratorBase&)::{lambda()#3}::operator()() const::{lambda()#3}::operator()() const::{lambda(int)#1}>(at::TensorIteratorBase&, at::native::direct_copy_kernel_cuda(at::TensorIteratorBase&)::{lambda()#3}::operator()() const::{lambda()#3}::operator()() const::{lambda(int)#1} const&)::{lambda(int, bool)#1}>(int, at::native::gpu_kernel_impl<at::native::direct_copy_kernel_cuda(at::TensorIteratorBase&)::{lambda()#3}::operator()() const::{lambda()#3}::operator()() const::{lambda(int)#1}>(at::TensorIteratorBase&, at::native::direct_copy_kernel_cuda(at::TensorIteratorBase&)::{lambda()#3}::operator()() const::{lambda()#3}::operator()() const::{lambda(int)#1} const&)::{lambda(int, bool)#1})",96,418.66999999999996,0.010199617444597584,4.361145833333333,4.179,5.019,5.799,Tensor / elementwise / indexing
assign_extend_cache_locs_uniform,96,417.86800000000017,0.010180079161007728,4.352791666666668,4.359,4.559,4.679,Sampling / speculative bookkeeping
compute_position_kernel,96,414.86800000000005,0.010106993312167844,4.3215416666666675,3.999,5.1795,6.999,Sampling / speculative bookkeeping
assign_draft_cache_locs_contiguous,96,410.26800000000003,0.009994928343946694,4.273625,4.279,4.439500000000001,4.639,Sampling / speculative bookkeeping
"void at::native::index_elementwise_kernel<128, 4, at::native::gpu_index_kernel<at::native::index_kernel_impl<at::native::OpaqueType<4> >(at::TensorIteratorBase&, c10::ArrayRef<long>, c10::ArrayRef<long>)::{lambda(char*, char const*, long)#1}>(at::TensorIteratorBase&, c10::ArrayRef<long>, c10::ArrayRef<long>, at::native::index_kernel_impl<at::native::OpaqueType<4> >(at::TensorIteratorBase&, c10::ArrayRef<long>, c10::ArrayRef<long>)::{lambda(char*, char const*, long)#1} const&, bool)::{lambda(int)#1}>(long, at::native::gpu_index_kernel<at::native::index_kernel_impl<at::native::OpaqueType<4> >(at::TensorIteratorBase&, c10::ArrayRef<long>, c10::ArrayRef<long>)::{lambda(char*, char const*, long)#1}>(at::TensorIteratorBase&, c10::ArrayRef<long>, c10::ArrayRef<long>, at::native::index_kernel_impl<at::native::OpaqueType<4> >(at::TensorIteratorBase&, c10::ArrayRef<long>, c10::ArrayRef<long>)::{lambda(char*, char const*, long)#1} const&, bool)::{lambda(int)#1})",96,409.70599999999996,0.009981236928264022,4.267770833333333,4.279,4.439,4.559,DSA index / top-k
"void at::native::(anonymous namespace)::multi_tensor_apply_kernel<at::native::(anonymous namespace)::TensorListMetadata<2>, at::native::(anonymous namespace)::UnaryOpFunctor<int, 2, 1, 1>, at::native::Copy<int, int> >(at::native::(anonymous namespace)::TensorListMetadata<2>, at::native::(anonymous namespace)::UnaryOpFunctor<int, 2, 1, 1>, at::native::Copy<int, int>)",96,393.86900000000014,0.009595416732238297,4.1028020833333345,4.119,4.2595,4.959,Tensor / elementwise / indexing
fill_bonus_tokens,96,388.94899999999996,0.009475555940140887,4.051552083333333,4.079,4.199,4.32,Tensor / elementwise / indexing
"void at::native::(anonymous namespace)::multi_tensor_apply_kernel<at::native::(anonymous namespace)::TensorListMetadata<2>, at::native::(anonymous namespace)::UnaryOpFunctor<float, 2, 1, 1>, at::native::Copy<float, float> >(at::native::(anonymous namespace)::TensorListMetadata<2>, at::native::(anonymous namespace)::UnaryOpFunctor<float, 2, 1, 1>, at::native::Copy<float, float>)",96,386.54699999999997,0.009417038537169757,4.02653125,4.039,4.159,4.359,Tensor / elementwise / indexing
"void at::native::index_elementwise_kernel<128, 4, at::native::gpu_index_kernel<at::native::index_kernel_impl<at::native::OpaqueType<8> >(at::TensorIteratorBase&, c10::ArrayRef<long>, c10::ArrayRef<long>)::{lambda(char*, char const*, long)#1}>(at::TensorIteratorBase&, c10::ArrayRef<long>, c10::ArrayRef<long>, at::native::index_kernel_impl<at::native::OpaqueType<8> >(at::TensorIteratorBase&, c10::ArrayRef<long>, c10::ArrayRef<long>)::{lambda(char*, char const*, long)#1} const&, bool)::{lambda(int)#1}>(long, at::native::gpu_index_kernel<at::native::index_kernel_impl<at::native::OpaqueType<8> >(at::TensorIteratorBase&, c10::ArrayRef<long>, c10::ArrayRef<long>)::{lambda(char*, char const*, long)#1}>(at::TensorIteratorBase&, c10::ArrayRef<long>, c10::ArrayRef<long>, at::native::index_kernel_impl<at::native::OpaqueType<8> >(at::TensorIteratorBase&, c10::ArrayRef<long>, c10::ArrayRef<long>)::{lambda(char*, char const*, long)#1} const&, bool)::{lambda(int)#1})",96,291.26700000000005,0.007095831978015155,3.0340312500000004,3.039,3.479,4.359,DSA index / top-k
alloc_extend_kernel,16,261.62600000000003,0.006373719429527523,16.351625000000002,9.059000000000001,37.799,49.96,Sampling / speculative bookkeeping
assign_req_to_token_pool,16,132.546,0.0032290789734435985,8.284125,4.659000000000001,17.3195,24.639,Sampling / speculative bookkeeping
_get_last_loc_safe_kernel,16,71.90400000000001,0.0017517216249942553,4.494000000000001,2.459,9.019,18.879,Sampling / speculative bookkeeping
