name,old_code,config,reference,concurrency,gpus,nodes_p_d,verdict,source,source_sha256,ttft_mean_s,ttft_mean_s_delta_pct,ttft_p50_s,ttft_p50_s_delta_pct,ttft_p90_s,ttft_p90_s_delta_pct,ttft_p95_s,ttft_p95_s_delta_pct,e2el_mean_s,e2el_mean_s_delta_pct,e2el_p50_s,e2el_p50_s_delta_pct,e2el_p90_s,e2el_p90_s_delta_pct,e2el_p95_s,e2el_p95_s_delta_pct,itl_mean_ms,itl_mean_ms_delta_pct,itl_p50_ms,itl_p50_ms_delta_pct,itl_p90_ms,itl_p90_ms_delta_pct,itl_p95_ms,itl_p95_ms_delta_pct,intvty_p50_tps,intvty_p50_tps_delta_pct,intvty_p90_tps,intvty_p90_tps_delta_pct,e2e_norm_intvty_p50_tps,e2e_norm_intvty_p50_tps_delta_pct,e2e_norm_intvty_p90_tps,e2e_norm_intvty_p90_tps_delta_pct,output_tps,output_tps_delta_pct,input_tps,input_tps_delta_pct,total_tps_per_gpu,total_tps_per_gpu_delta_pct,output_tps_per_gpu,output_tps_per_gpu_delta_pct,mean_input_tokens,mean_input_tokens_delta_pct,mean_output_tokens,mean_output_tokens_delta_pct,sent,sent_delta_pct,completed,completed_delta_pct,cancelled,cancelled_delta_pct,errors,errors_delta_pct,prefill_queue_ms_mean,prefill_queue_ms_mean_delta_pct,prefill_queue_ms_p50,prefill_queue_ms_p50_delta_pct,prefill_queue_ms_p90,prefill_queue_ms_p90_delta_pct,prefill_queue_ms_p99,prefill_queue_ms_p99_delta_pct,prefill_forward_envelope_ms_mean,prefill_forward_envelope_ms_mean_delta_pct,prefill_forward_envelope_ms_p50,prefill_forward_envelope_ms_p50_delta_pct,prefill_forward_envelope_ms_p90,prefill_forward_envelope_ms_p90_delta_pct,prefill_forward_envelope_ms_p99,prefill_forward_envelope_ms_p99_delta_pct,decode_alloc_wait_ms_mean,decode_alloc_wait_ms_mean_delta_pct,decode_alloc_wait_ms_p50,decode_alloc_wait_ms_p50_delta_pct,decode_alloc_wait_ms_p90,decode_alloc_wait_ms_p90_delta_pct,decode_alloc_wait_ms_p99,decode_alloc_wait_ms_p99_delta_pct,decode_transfer_wait_ms_mean,decode_transfer_wait_ms_mean_delta_pct,decode_transfer_wait_ms_p50,decode_transfer_wait_ms_p50_delta_pct,decode_transfer_wait_ms_p90,decode_transfer_wait_ms_p90_delta_pct,decode_transfer_wait_ms_p99,decode_transfer_wait_ms_p99_delta_pct,decode_generation_ms_mean,decode_generation_ms_mean_delta_pct,decode_generation_ms_p50,decode_generation_ms_p50_delta_pct,decode_generation_ms_p90,decode_generation_ms_p90_delta_pct,decode_generation_ms_p99,decode_generation_ms_p99_delta_pct,p_miss_pct,p_miss_pct_delta_pct,p_device_hit_pct,p_device_hit_pct_delta_pct,p_host_hit_pct,p_host_hit_pct_delta_pct,paired_requests,paired_requests_delta_pct,d_local_prefix_pct,d_local_prefix_pct_delta_pct,d_prefix_observed_requests,d_prefix_observed_requests_delta_pct
原始 C80,历史 C80,原策略；4K；C80,,80,16,n01-33 / n02-21,基线,llying/p8d8-c80-c112-tracing-aus-20260922/results/main-20260922/final/analysis/summary.json,b5c661852e6c64e2569d6b82b5b0ef68cc047b284e125afbcaf9ca5641048d76,10.65411,,5.676,,25.0874,,36.65413,,23.74856,,15.95962,,49.27569,,68.29358,,14.18,,13.43,,18.89,,22.759999999999998,,74.43499,,52.94007,,34.97366,,7.54576,,2568.35485,,319281.10126,,20115.59101,,160.52218,,119969.32453,,965.05492,,9662,,9651,,11,,0,,5575.699150718037,,3.1866419594734907,,17619.32016001083,,54289.4454265479,,3119.937967186142,,2223.0714911129326,,4684.156446019188,,19962.590607930906,,34.09195599247416,,0.565601047128439,,0.8545569144189358,,1.6577544156461954,,9420.716749811561,,4052.4088349193335,,24079.747535753995,,60113.593234913424,,13132.525713898967,,6090.276843868196,,28699.157614260912,,111289.11247104406,,5.087663884403441,,94.31349136082952,,0.5988447547670397,,9651,,,,,
并发增至112,历史 C112,原策略；4K；C112,原始 C80,112,16,n01-33 / n02-21,负收益；并发增加40%,llying/p8d8-c80-c112-tracing-aus-20260922/results/main-20260922/final/analysis/summary.json,b5c661852e6c64e2569d6b82b5b0ef68cc047b284e125afbcaf9ca5641048d76,30.01362,181.709312180933,14.29559,151.86028893587036,78.95957,214.73795610545534,107.63603,193.65321179359597,42.50379,78.97417780278046,26.76845,67.72611127332608,97.28978,97.43971114356795,130.8835,91.64832184811513,13.299999999999999,-6.205923836389282,12.57,-6.403574087862984,18.11,-4.129168872419275,21.82,-4.1300527240773155,79.53461,6.851105911346256,55.22324,4.3127445808061715,21.16692,-39.47753823877741,2.91132,-61.41780284557154,2498.17585,-2.73244952892705,288757.76398,-9.560020044889528,18203.49624,-9.505536123942104,156.13599,-2.7324510544274982,112402.32336,-6.307446674093564,972.44405,0.76566937765572,9354,-3.187745808321263,9321,-3.419334783960215,33,200.0,0,,22409.098515227815,301.90652166629144,6432.364478008822,201754.00681385622,68698.60974303447,289.9049970097838,157972.24843096916,190.98151065974912,4594.367273579693,47.25828916795201,2933.1574940588325,31.941662955266036,6305.174974026158,34.60641305831249,41211.41349803653,106.44321324539767,793.1991533603887,2226.6460672878034,0.5943006835877895,5.074183756387796,0.9774151258170605,14.376831937713973,28630.478645581643,1726963.935125845,28028.634916275194,197.52125725291378,12283.5678816773,203.11768585219298,77161.09189391136,220.4397877483613,164920.71076855052,174.3484491503763,12513.202861517551,-4.715946238170687,5478.76706533134,-10.040755029921765,27270.563721191138,-4.977825176164375,108600.27797175566,-2.416080458893055,7.304798111420332,43.578630141304295,89.91836969345415,-4.660119781336769,2.7768321951255195,363.69817436336274,9321,-3.419334783960215,,,,
同节点4K基线,4K复测,原策略；4K；C80,,80,16,n03-33 / n02-21,8K的同节点参照；实际后测,llying/p8d8-c80-c112-tracing-aus-20260922/analysis/baseline4k-31625/final/summary.json,a671c09bb59609d6641a1600cccbcbd91e9bc3a8a7e30f4197cb62c475126f8e,10.00904,,5.7754,,23.00015,,33.25675,,23.28992,,15.61427,,48.10905,,66.01932,,14.32,,13.48,,19.55,,23.43,,74.18808,,51.15511,,35.16498,,8.56124,,2608.56466,,327025.95008,,20602.15717,,163.03529,,121342.29626,,967.90247,,9793,,9782,,11,,0,,4733.427479828606,,2.9212164226919413,,16291.777473734683,,46170.44357621578,,3045.9007241759273,,2163.0598658230156,,4579.962633829564,,19786.5718749539,,21.936571130601784,,0.5622066091746092,,0.8440061938017607,,1.4660681504756232,,8620.83179553811,,3970.1185398735106,,21746.6443198733,,54169.729015189296,,13344.61877276063,,6199.069631751627,,29268.399527342986,,111570.31103898307,,4.755030854848435,,94.75316511320213,,0.4918040319494351,,9782,,,,,
chunk增至8K,8K,原策略；8K；C80,同节点4K基线,80,16,n03-33 / n02-21,负收益；同节点顺序对照,llying/p8d8-c80-c112-tracing-aus-20260922/analysis/chunk8k-31625/final/summary.json,c7b7ade060f7eeb0b44cc37b960f9fae0fb99345e075cbbec091b429dc04a7f1,11.49655,14.861665054790452,7.23038,25.192713924576648,24.79725,7.813427303734954,35.41088,6.477271531343276,24.40828,4.801905717151467,16.67511,6.794041604250478,50.04153,4.016874164008644,66.71628,1.055690970461387,13.74,-4.050279329608941,13.4,-0.5934718100890191,18.450000000000003,-5.626598465473132,21.86,-6.700810926163037,74.61589,0.5766559803138005,54.20229,5.956746061146179,31.76943,-9.656055541621233,7.99432,-6.621937943568923,2537.03922,-2.7419462165066633,312361.41238,-4.484212245668151,19681.15322,-4.470424831731334,158.56495,-2.7419462375293024,118258.88888,-2.541082108247883,960.51377,-0.7633723674659088,9597,-2.0014295925661174,9584,-2.0241259456143967,13,18.181818181818187,0,,4483.933714206146,-5.270890209804047,2.135735237970948,-26.888839136306142,15298.122415086269,-6.099120002408376,46732.978275688365,1.2183870370315653,4504.224046300163,47.87822894387954,3616.7536249849945,67.20543347554866,6460.714943660426,41.06479594263108,19936.474619135264,0.7575983607909009,63.45334514771092,189.25826543234336,0.5573253147304058,-0.8682385380295976,0.8330946788191801,-1.2928240411874792,34.90287751890728,2280.713168592064,10232.349077748633,18.693292253360028,5795.952472602949,45.98940596840742,23322.431197669383,7.246115099956096,54723.518070643775,1.0223219970312059,12971.837810029914,-2.7934927859583847,6106.519778491929,-1.4929636019195058,28435.90225335217,-2.8443553027663326,103129.62223335172,-7.565353835647315,5.014970572555699,5.466625257378044,94.33243330645702,-0.4440292904648202,0.652596120987284,32.694341362044945,9584,-2.0241259456143967,,,,
释放策略基线,A0,原策略；P记账等D结束释放,,80,16,n10-29 / n02-21,R1的同进程参照,llying/p8d8-adaptive-31625-20260923/analysis/a0-final/summary.json,edd19ae58825a637c810e74a5c7db1bf83c6b2c5efbd61da54abf78f47e0d841,9.85979,,5.50831,,22.24993,,32.99915,,23.1512,,15.36295,,48.53915,,67.50296,,14.14,,13.780000000000001,,19.05,,22.630000000000003,,72.58621,,52.50579,,35.98596,,8.93015,,2586.51868,,320074.26649,,20166.29907,,161.65742,,119429.02169,,965.10538,,9740,,9727,,13,,0,,4857.124362038613,,2.9446660191752017,,15631.775200972334,,50779.78714207184,,3038.201999983814,,2153.314355004113,,4529.96310679009,,19752.556709256023,,25.89330704715377,,0.5707107484340668,,0.8623342961072921,,1.5666917152702802,,8609.408580385989,,3843.4618399478495,,21096.50157717988,,58251.193958809585,,13356.822806217418,,6243.175455369055,,29164.49755961075,,114241.31359246558,,4.991912212732401,,94.46866220299268,,0.5394255842749204,,9727,,,,,
P完成即释放,G0 / R1,原评分；P完成释放；无会话绑定,释放策略基线,80,16,n10-29 / n02-21,正收益；同节点同进程,llying/p8d8-adaptive-31625-20260923/analysis/g0-final/summary.json,c6f60c228d5a78e2356027e869307d377532b613978ed06e3e1aadf57b1e17c4,7.57922,-23.1300058114828,4.54819,-17.430391535697876,15.60584,-29.861172596947494,23.82795,-27.792231012010916,20.6023,-11.009796468433597,12.96572,-15.603969289752296,42.93051,-11.55487889672564,62.6991,-7.11651755715601,13.48,-4.667609618104674,13.23,-3.991291727140789,18.44,-3.202099737532804,22.24,-1.7233760494918426,75.57459,4.117007899985414,54.22944,3.282780813316011,40.91532,13.698008890133817,12.0908,35.3930225136196,2699.17654,4.355578827677364,337527.69301,5.452930256280153,21264.17935,5.44413368158978,168.69853,4.355574894118686,122108.54221,2.243609201585195,976.49028,1.1796535628057603,10049,3.1724845995893203,10033,3.1458825948391,16,23.076923076923084,0,,2676.8964792661327,-44.88721556755454,1.7922610277310014,-39.13533772386819,7556.057655392242,-51.66219090124686,39964.77301868148,-21.29787211027899,2880.2877347830095,-5.197622317464267,2037.814163020812,-5.363833279376462,4236.581408220809,-6.476469932603268,19702.27528164396,-0.25455655362579543,23.028858955656215,-11.062503859708483,0.5865809507668018,2.780778595160549,0.9008077904582028,4.461552152638015,1.5627969056367883,-0.24860089547482644,6253.1604056765855,-27.368293102936512,3079.873075708747,-19.8672133622501,13687.710108514897,-35.1185785072492,47718.6238842272,-18.081294749134493,13059.070752574293,-2.22921317414293,6110.897784121335,-2.1187562674370053,28410.616972390562,-2.584925681230388,112421.51977419891,-1.5929384572366145,4.550860598226744,-8.83532393419716,94.58661531501413,0.12485951348395474,0.8625240867591236,59.896770176094364,10033,3.1458825948391,,,,
P KV扩至340万,C1,原策略；P GPU KV=340万/rank；host固定,释放策略基线,80,16,n02-29 / n02-33,未见端到端收益；跨节点,llying/p8d8-adaptive-31625-20260923/analysis/c1-fixed-host-31688/evidence/analysis/summary.json,88c3e782a0367ce1cfee2e0edee5ba4230a9ba7c7fb55be8c0181f494bae1732,10.36986,5.173233912689823,5.52568,0.3153417291329008,24.0173,7.943260945090613,34.37039,4.1553797597816855,23.65929,2.1946594560973143,15.83235,3.055402770952198,48.45566,-0.1720054842328289,68.60678,1.6352171815873007,14.49,2.4752475247524774,13.74,-0.2902757619738794,18.91,-0.734908136482948,22.689999999999998,0.2651347768448664,72.75853,0.23740046490923206,52.88898,0.7298052271949462,35.33362,-1.8127625329433905,8.20936,-8.071420972772003,2589.74481,0.12472865651216303,328647.83635,2.6786189199211607,20702.34882,2.6581463864008725,161.85905,0.1247267214830039,121868.93994,2.0429860476737893,960.32719,-0.4950951573806317,9796,0.5749486652977476,9774,0.48319111750796395,22,69.23076923076923,0,,5457.581520516637,12.36240033652345,2.9880009897169657,1.4716429727369196,17652.681770289208,12.92819621146528,52672.32477644782,3.7269507039898286,2988.0712144120225,-1.6500148960489902,2167.0315450028284,0.6370268217846364,4421.302255293997,-2.398713829108623,18261.614603605824,-7.548096824101491,58.68144539074908,126.62785129719238,0.5569213535636663,-2.4161792831545847,0.8474399568513036,-1.7272117464449455,1.6359670134261288,4.4217568447342925,9123.294346455834,5.968885798271706,3894.246402080171,1.321323438273314,22803.39114360977,8.090865493434407,60075.56301593548,3.1318998515565744,13342.329496580429,-0.1085086614328934,6249.866402475163,0.10717217790754408,29190.459897043234,0.08902034872850795,110469.97449249738,-3.3012042503482997,4.636392495559778,-7.121914449253175,95.20855964128472,0.7832199811427021,0.15504786315550526,-71.2568577250714,9774,0.48319111750796395,,,,
扩容后P完成即释放,C1G1,P GPU KV=340万/rank；P完成释放,P KV扩至340万,80,16,n02-29 / n02-33,正收益；同节点同容量,llying/experiment-summary-20261008/c1g1-source-extract.json,dbabd283e854e2d1a7d1c654e2291d1a0273e52990bf193354c0f3b9aaec8845,7.11251,-31.41170661899002,4.44849,-19.494252291120738,14.18485,-40.93903144816444,22.0006,-35.98967017831337,20.50361,-13.338016483165816,12.79125,-19.20814029502885,41.8142,-13.706262591408313,62.59366,-8.764614809206906,14.059999999999999,-2.9675638371290614,13.559999999999999,-1.310043668122285,18.919999999999998,0.05288207297724501,22.31,-1.6747465843984122,73.73783,1.3459590236361452,52.85548,-0.0633402270189265,40.20388,13.783642887425618,12.49772,52.237446037206304,2753.17022,6.310483155288171,341092.6762,3.786679379427471,21490.3654,3.806411469787996,172.07314,6.310484338070688,121705.57025,-0.13405359075120415,982.36103,2.2944096792677504,10179,3.909759085340947,10171,4.06179660323307,8,-63.63636363636363,0,,2315.280491587809,-57.57680425140703,1.686261995928362,-43.56554761087643,6514.1667159914505,-63.09814678155428,35070.91551780601,-33.4168072765837,2872.18985832499,-3.8781323392867995,2059.388799010776,-4.967290219668296,4217.379412992159,-4.61228005974178,19423.456014304247,6.36220529190783,10.24645953428646,-82.5388426170195,0.5684320349246264,2.066841446697043,0.8562079165130854,1.034640813298382,1.4159857295453508,-13.446559867981778,5870.065263586132,-35.65849088420017,3077.1731790155172,-20.981549154881453,12658.33253506571,-44.48925400898991,41808.600566908506,-30.406643786561816,13451.490849022424,0.8181581220128908,6148.179688025266,-1.6270222097807707,30031.01221518591,2.879544622138064,113060.63957305148,2.3451305139298606,4.428816607737426,-4.477099124397799,95.27269325233962,0.06736118191108531,0.29849013992294837,92.51483628869988,10171,4.06179660323307,,,,
有效工作量评分,R1+R4,P完成释放；有效输入工作量评分；无绑定,P完成即释放,80,16,n05-21 / n05-29,明显负收益；跨节点历史对照,llying/r1r4-4k-20260924/results/summary.json,a9d10b74c99179f980c784303ef812f0b5591d0a0ede18236cc03f4cb3ea33e5,26.93019,255.31611432310973,17.59281,286.8090383207386,60.77589,289.4432468870628,86.86007,264.5301840905323,38.16809,85.26130577653952,27.19454,109.7418423350188,79.93032,86.18534930053241,105.4727,68.22043697596936,12.44,-7.7151335311572815,11.82,-10.657596371882082,17.09,-7.3210412147505455,19.64,-11.690647482014382,84.57339,11.907176737578062,58.50965,7.892779272660766,19.62512,-52.034787947399664,3.49455,-71.09744599199391,1853.91454,-31.315550779053524,221475.54692,-34.382999822939475,13958.09134,-34.35866435165295,115.86966,-31.31554851130002,112114.70253,-8.18439029663689,938.48319,-3.8922138579812526,7216,-28.191859886555882,7167,-28.565733080833255,49,206.25,0,,19097.82682382548,613.4316538479337,9828.948530004709,548310.5483478674,51110.676744801465,576.4198881982759,113630.7966731934,184.32739157576808,5955.335141436896,106.76181304801307,3406.942304005497,67.18611372074865,10249.943734804403,141.9390245851303,51078.09809391743,159.24974331013138,103.23182301161154,348.2715501032514,0.5524519947357476,-5.818285777340626,0.8260426024207849,-8.299793677337986,34.561443036364054,2111.5121236614814,25933.155180230187,314.7207731419813,16170.705654003541,425.0445475024097,60141.007917592666,339.3796145651853,126980.46433997925,166.10252770082727,11261.466200775767,-13.765179665974092,5152.938874001848,-15.676238483462523,24558.9212368097,-13.557240729139885,91188.11432181866,-18.88731400805469,10.924376936801652,140.0507926140029,87.37241809451527,-7.627080424087995,1.703204968683076,97.46752523546958,7167,-28.565733080833255,,,,
增加P会话绑定,P affinity / Base,原评分；P完成释放；仅P绑定；D radix关,P完成即释放,80,16,n10-29 / n03-33,TTFT改善、吞吐小增；D换节点,llying/session-affinity-20260928/performance/summary.json,9cdf259807210e91c345d87dbafdd670dc49712596b95b8d64334b020db95b54,6.5151,-14.039967173403067,4.06906,-10.534520325668007,12.29638,-21.206548317809236,19.24198,-19.24617938177644,20.18858,-2.0081253063978233,12.49282,-3.6473099835566347,41.20108,-4.028440379580866,62.43851,-0.41562000092505436,14.38,6.6765578635014755,13.96,5.517762660619807,19.310000000000002,4.718004338394799,22.86,2.7877697841726556,71.64376,-5.20125878287927,51.79029,-4.497833649029015,41.42933,1.256277599686384,13.20928,9.250669930856525,2757.26152,2.151951868994839,343882.30135,1.882692434309896,21664.97268,1.884828581451936,172.32884,2.151951175863842,121603.7697,-0.4133801787035485,975.0237,-0.15018889896170062,10266,2.1594188476465215,10252,2.182796770656825,14,-12.5,0,,1991.137762211296,-25.61767787310313,1.6188759473152459,-9.674097563526264,4580.774294794531,-39.376133643904296,32829.716277398395,-17.853364856964937,2546.8566033776074,-11.57631327519164,1875.059305515606,-7.986736988025522,3917.6217560656364,-7.528703485698451,15783.471144939502,-19.89010954666487,13.646417104654011,-40.742104804535884,0.5596519913524389,-4.590834287946155,0.8392068557441235,-6.838410520711147,1.4009801857173443,-10.354302554336648,5240.467016380093,-16.1949050335759,2730.4376610554755,-11.345773220633726,10473.339111590756,-23.483628535678402,40696.68857563753,-14.715292975811668,13723.059905597867,5.084505364921799,6356.465301476419,4.018517835352631,30070.304639218364,5.84178678147218,113451.92072030142,0.9165513401456327,3.8260301226636853,-15.927327588225637,94.61945618592135,0.03472042085219673,1.5545136914149678,80.22843828697567,10252,2.182796770656825,,,,
Dynamo式首次评分,B1,P完成释放；P绑定；新P首次评分；D radix关,增加P会话绑定,80,16,n10-29 / n03-33,负收益；后续关闭新评分,llying/router-capacity-campaign-20260928/b1/summary.json,38f4a007298ffa6e6a977b5dac2c4864225752fda3d8adc07692599926b02f4f,7.15503,9.822259059722782,4.23729,4.134370100219686,12.33111,0.28244084844484263,21.5176,11.82632972282478,20.77139,2.886830079183378,12.58038,0.7008825869579516,42.625,3.4560259100004265,63.29729,1.3754011746917039,14.46,0.5563282336578546,13.97,0.07163323782235498,19.5,0.9839461418953865,22.99,0.568678915135612,71.57932,-0.08994502801081827,51.28639,-0.9729623062547099,40.69842,-1.7642332135228922,12.98485,-1.6990328011821987,2689.81764,-2.4460458143266695,337449.08075,-1.8707623436113763,21258.68115,-1.8753382983725864,168.1136,-2.446044434582173,121563.01062,-0.03351794117941731,968.98273,-0.6195716063106982,10088,-1.7338788233002167,10074,-1.7362465860319976,14,0.0,0,,2482.6344960160095,24.684215383413388,1.6041985363699496,-0.9066421037163153,5017.260808998258,9.52866232024876,38992.38761950518,18.771625347092847,2651.7153654713993,4.117183588378293,1914.0157469082624,2.077611160247761,3872.9764789575734,-1.1396015207169707,17267.33860845105,9.401401313343571,28.75613065590686,110.7229350779538,0.5630911327898502,0.6145142857618247,0.8576652035117149,2.199499162959584,1.4834194211289289,5.8843969566473975,5832.10005366508,11.289700620874509,2894.4197855889797,6.005708420756095,10446.978238504385,-0.25169502109596564,48347.27115214844,18.799029710468428,13677.479122839088,-0.3321473714487433,6314.866219880059,-0.6544373267749481,30020.004490949217,-0.16727515358638811,115952.55168342982,2.204132770297762,4.138258910016453,8.160646344712873,94.71492870406844,0.10090157140567602,1.1468123859150965,-26.226935648843885,10074,-1.7362465860319976,,,,
仅增加D radix,B2,原评分；P完成释放；仅P绑定；D radix开,增加P会话绑定,80,16,n10-29 / n03-33,TTFT p90改善、p50略升；吞吐未增,llying/router-capacity-campaign-20260928/b2/summary.json,0c9d3f92f3ef443daab17f4713d5a5baee55b5ca030af9e717e2ba9987cfa238,6.09457,-6.454697548771316,4.11765,1.1941332887693834,10.79635,-12.198956115539684,18.5658,-3.5140874275932266,19.99686,-0.9496457898475308,12.29142,-1.6121260051773723,40.81731,-0.9314561657121523,61.40093,-1.661762908820208,14.64,1.8080667593880273,14.43,3.3667621776504175,19.869999999999997,2.900051786639013,23.580000000000002,3.149606299212615,69.2827,-3.2955556771448014,50.33128,-2.8171497012277724,41.14284,-0.6915149243301832,13.84148,4.786029215824028,2728.55895,-1.0409810528237418,344722.22332,0.24424693178526358,21715.67389,0.23402388153852538,170.53493,-1.0409807203483834,121531.44109,-0.05947892090717444,961.95046,-1.3408125361465517,10306,0.3896356906292642,10295,0.41943035505267456,11,-21.42857142857143,0,,1580.6544783716274,-20.61551398552145,1.5144910430535674,-6.447986606681699,3526.0673831915483,-23.024642641780524,29416.974091641547,-10.395283824327016,2403.228771037975,-5.639415746813348,1787.5948949949816,-4.664621020964099,3558.396888407879,-9.169462751261559,15029.108120400906,-4.779449448168183,22.20988846494807,62.7525254037087,0.8984063751995564,60.52946993514547,1.6715101897716524,99.17737543856538,3.072938835248351,119.34206254850875,4742.959473360666,-9.493572642750546,2725.7691440172493,-0.17098053930377777,8884.698586631566,-15.16842439677194,34868.9112130366,-14.32002840174481,13971.24580973583,1.8085318132053274,6423.776296898723,1.0589375105480192,30576.969853602357,1.684935422048195,118332.646325956,4.3020211334167335,3.7992518125805548,-0.6998980463982174,94.51958766411227,-0.10554755420792983,1.6811605233071731,8.147038690725683,10295,0.41943035505267456,23.615456628077382,,10295,
D radix再加D绑定,B3*,原评分；P完成释放；P/D绑定；D radix开,仅增加D radix,80,16,n10-29 / n03-33,复用/流量改善；吞吐因果不足；恢复数据,llying/router-capacity-campaign-20260928/b3-interrupted/partial-summary.json,dc79f5350380f4ae9771287cfe795af77aef1493a8f5ad9e5111dccccd508b8d,6.245211275511544,2.471729351070606,4.113689888999999,-0.09617405558999259,11.02675964450001,2.1341438958537795,17.726085605399994,-4.522909837443068,,,,,,,,,14.671475422955488,0.21499605843913194,13.817464810705742,-4.244873106682312,19.48778836757423,-1.9235613106480587,,,72.3721763507009,4.459232031518545,51.31418615279618,1.9528733479382554,,,,,2812.0481029596776,3.0598258820714763,346555.3202451976,0.5317605890166277,21835.460521759833,0.5516136978599429,175.75300643497985,3.0598285260267977,122018.41016686069,0.4006939047979108,990.091967403958,2.925463272189499,10317,0.10673394139335546,10308,0.1262748907236544,9,-18.181818181818176,0,,1779.2906734368955,12.566705613607665,1.5283059910871089,0.9121842018746662,3749.8115634894957,6.34543121224842,34673.098319637356,17.867657671457348,2466.94371471618,2.651222573816203,1827.5684844702482,2.236166012063867,3689.381418388805,3.6809983284223247,15592.700692167275,3.7500067685409366,11.032025083209074,-50.328318394664805,1.1626221239566803,29.409380437492526,2.326395828276874,39.1792788648621,4.44725812412798,44.72328811479769,5011.483998127077,5.661539515035008,2819.194896146655,3.4275005399655667,9258.697045966983,4.209467048191784,41143.020028741965,17.99341762457911,13702.612547884079,-1.9227581098355206,6345.129596069455,-1.224306345587356,30171.616441104572,-1.3256820883120635,113258.17316244292,-4.288312077070488,3.8203041259678514,0.5541173479890249,95.38920924529768,0.9200437736522238,0.7904866287344667,-52.979705520361364,9954,-3.31228751821272,91.80182182320662,288.736170843547,9955,-3.3025740650801327
新节点组合基线,RB,原评分；P完成释放；P/D绑定；D radix开；TileLang,,80,16,n04-33 / n05-21,换节点后重建基线；不计优化,llying/router-capacity-campaign-20260928/rb/summary.json,aa2d0404c5a7b7ebcd32fcd24ee27f4a8efb59c151b4a32231008591b3f529d3,6.53584,,4.23498,,11.52857,,19.10661,,20.37099,,12.53773,,40.8057,,61.01548,,14.85,,14.6,,20.13,,23.939999999999998,,68.48181,,49.67591,,39.57959,,11.95308,,2661.35214,,341029.12182,,21480.65462,,166.33451,,121494.00403,,948.12527,,10194,,10186,,8,,0,,1894.467249795379,,1.549675129354,,4356.389444321394,,30833.996802708094,,2548.7869257525585,,1875.255565624684,,3765.3962150216103,,15755.293501587577,,3.1929460652090733,,1.189586502732709,,2.3568180040456355,,4.587797523709009,,5173.37695200157,,2841.666181513574,,9787.699707987485,,37258.02500969439,,13895.12430888434,,6400.612728000851,,30255.632540996885,,116415.12984696016,,3.79942562164307,,93.69038771074429,,2.510186667612631,,10186,,91.71136666377315,,10186,
组合切换Triton,B4,原评分；P完成释放；P/D绑定；D radix开；Triton,新节点组合基线,80,16,n04-33 / n05-21,正收益；同节点单轮对照,llying/router-capacity-campaign-20260928/b4/summary.json,1610e6f94878112d0841e1f4fabb375800cdcf9e36448d3338ea63a0d8c172b3,4.65424,-28.788954441969217,3.21078,-24.184293668447076,7.811,-32.24658392150979,11.9821,-37.288195027794046,18.07642,-11.263910099607333,10.73159,-14.4056380221938,36.3418,-10.939403073590215,58.81478,-3.6067896212567674,14.74,-0.7407407407407418,14.46,-0.9589041095890316,20.16,0.14903129657228842,25.49,6.474519632414366,69.16514,0.9978270142100509,49.6081,-0.13650479679184757,44.84549,13.304584509339268,14.87812,24.471015001991113,2751.1853,3.3754706357648656,361340.47868,5.955900995082941,22755.729,5.935919563702741,171.94908,3.3754691074029175,122219.24618,0.5969365778914604,930.55667,-1.8529829924267216,10739,5.34628212674122,10728,5.321028863145494,11,37.5,0,,985.2739098436865,-47.992032591214986,1.2227855622768402,-21.094070678763977,1073.6294724978513,-75.35506211692481,18981.54742697253,-38.43954921437426,1590.8696940199122,-37.58326057207824,1164.338423870504,-37.91041364099937,2582.1973777376115,-31.422957099807046,10220.358487032343,-35.13063729341195,1.824935111128001,-42.844787420218935,1.1675919813569635,-1.848921564360384,2.2676609747577463,-3.7829407758615763,4.099332529585788,-10.647047773989836,3162.931696886585,-38.861371861510065,1816.163563489681,-36.08807483072037,5368.191371788271,-45.15369768233255,25529.620844430134,-31.47886706880618,13488.60498653403,-2.925625660580722,6174.127423990285,-3.5384941041622153,29629.10693379819,-2.070773454660857,110016.31722421324,-5.496547253916928,3.7577883426696284,-1.0958835129251887,94.23383572580325,0.5800467137960563,2.008375931527125,-19.990972885007174,10728,5.321028863145494,92.01054302974933,0.3262151430727167,10728,5.321028863145494
